"Ano";"Países";"Código NCM";"Descrição NCM";"UF do Produto";"Valor US$ FOB"
"2024";"Angola";"17019900";"Outros açúcares de cana, beterraba, sacarose químicamente pura, sol.";"São Paulo";"69415459"
"2024";"Angola";"17019900";"Outros açúcares de cana, beterraba, sacarose químicamente pura, sol.";"Pernambuco";"14077098"
"2024";"Angola";"17019900";"Outros açúcares de cana, beterraba, sacarose químicamente pura, sol.";"Minas Gerais";"12952115"
"2024";"Angola";"17019900";"Outros açúcares de cana, beterraba, sacarose químicamente pura, sol.";"Alagoas";"11732058"
"2024";"Cabo Verde";"17019900";"Outros açúcares de cana, beterraba, sacarose químicamente pura, sol.";"São Paulo";"7383670"
"2024";"Angola";"17019900";"Outros açúcares de cana, beterraba, sacarose químicamente pura, sol.";"Mato Grosso";"1914447"
"2024";"São Tomé e Príncipe";"17019900";"Outros açúcares de cana, beterraba, sacarose químicamente pura, sol.";"São Paulo";"1391228"
"2024";"Angola";"17019900";"Outros açúcares de cana, beterraba, sacarose químicamente pura, sol.";"Goiás";"1162085"
"2024";"Cabo Verde";"17019900";"Outros açúcares de cana, beterraba, sacarose químicamente pura, sol.";"Goiás";"1073162"
"2024";"Guiné-Bissau";"17019900";"Outros açúcares de cana, beterraba, sacarose químicamente pura, sol.";"São Paulo";"544427"
"2024";"São Tomé e Príncipe";"17019900";"Outros açúcares de cana, beterraba, sacarose químicamente pura, sol.";"Mato Grosso";"437839"
"2024";"Angola";"17049020";"Caramelos, confeitos, dropes, pastilhas, e produtos semelhantes, sem cacau";"Rio Grande do Sul";"415766"
"2024";"Moçambique";"20098990";"Sucos (sumo) de outras frutas, não fermentado, sem adição de açúcar";"São Paulo";"356632"
"2024";"Cabo Verde";"21069010";"Outras preparações para elaboração de bebidas";"Goiás";"284838"
"2024";"Cabo Verde";"17049020";"Caramelos, confeitos, dropes, pastilhas, e produtos semelhantes, sem cacau";"São Paulo";"196254"
"2024";"Angola";"17049020";"Caramelos, confeitos, dropes, pastilhas, e produtos semelhantes, sem cacau";"São Paulo";"180834"
"2024";"Moçambique";"17049020";"Caramelos, confeitos, dropes, pastilhas, e produtos semelhantes, sem cacau";"Minas Gerais";"162720"
"2024";"Cabo Verde";"17019900";"Outros açúcares de cana, beterraba, sacarose químicamente pura, sol.";"Minas Gerais";"156084"
"2024";"Angola";"21039029";"Outros condimentos e temperos, compostos";"São Paulo";"148322"
"2024";"Cabo Verde";"20098990";"Sucos (sumo) de outras frutas, não fermentado, sem adição de açúcar";"São Paulo";"143224"
"2024";"Cabo Verde";"17049020";"Caramelos, confeitos, dropes, pastilhas, e produtos semelhantes, sem cacau";"Rio Grande do Sul";"134322"
"2024";"Angola";"18050000";"Cacau em pó, sem adição de açúcar ou outros edulcorantes";"Espírito Santo";"133960"
"2024";"Guiné-Bissau";"19019090";"Outras preparações alimentícias de farinhas, etc, cacau < 40%";"Paraná";"128018"
"2024";"São Tomé e Príncipe";"17049020";"Caramelos, confeitos, dropes, pastilhas, e produtos semelhantes, sem cacau";"Rio Grande do Sul";"125946"
"2024";"Angola";"17049020";"Caramelos, confeitos, dropes, pastilhas, e produtos semelhantes, sem cacau";"Minas Gerais";"115088"
"2024";"São Tomé e Príncipe";"17019900";"Outros açúcares de cana, beterraba, sacarose químicamente pura, sol.";"Minas Gerais";"84225"
"2024";"Cabo Verde";"21069010";"Outras preparações para elaboração de bebidas";"São Paulo";"49979"
"2024";"Cabo Verde";"19019090";"Outras preparações alimentícias de farinhas, etc, cacau < 40%";"São Paulo";"44868"
"2024";"Angola";"19019090";"Outras preparações alimentícias de farinhas, etc, cacau < 40%";"Paraná";"41040"
"2024";"Angola";"21069029";"Pós para preparações de cremes, sorvetes, flans, gelatinas ou preparações similares";"São Paulo";"38951"
"2024";"Moçambique";"17049020";"Caramelos, confeitos, dropes, pastilhas, e produtos semelhantes, sem cacau";"Rio Grande do Sul";"38048"
"2024";"Cabo Verde";"20098990";"Sucos (sumo) de outras frutas, não fermentado, sem adição de açúcar";"Alagoas";"35833"
"2024";"Cabo Verde";"20059900";"Outros produtos hortícolas, preparados ou conservados, exceto em vinagre ou em ácido acético, não congelados";"Rio Grande do Sul";"32623"
"2024";"Angola";"21039021";"Condimentos e temperos, compostos, em embalagens imediatas de conteúdo inferior ou igual a 1 kg";"Rio Grande do Sul";"29892"
"2024";"Angola";"19019090";"Outras preparações alimentícias de farinhas, etc, cacau < 40%";"São Paulo";"25961"
"2024";"Cabo Verde";"19023000";"Outras massas alimentícias";"São Paulo";"21968"
"2024";"Angola";"21039021";"Condimentos e temperos, compostos, em embalagens imediatas de conteúdo inferior ou igual a 1 kg";"São Paulo";"20716"
"2024";"Moçambique";"12119090";"Outras plantas e partes, para perfumaria, medicina e semelhantes";"São Paulo";"20249"
"2024";"Cabo Verde";"21069010";"Outras preparações para elaboração de bebidas";"Santa Catarina";"19739"
"2024";"Cabo Verde";"21069029";"Pós para preparações de cremes, sorvetes, flans, gelatinas ou preparações similares";"Minas Gerais";"17550"
"2024";"Angola";"18069000";"Outros chocolates e preparações alimentícias contendo cacau";"São Paulo";"15607"
"2024";"Angola";"20098990";"Sucos (sumo) de outras frutas, não fermentado, sem adição de açúcar";"Alagoas";"12460"
"2024";"Cabo Verde";"18069000";"Outros chocolates e preparações alimentícias contendo cacau";"São Paulo";"12393"
"2024";"Angola";"21021090";"Outras leveduras vivas";"Rio Grande do Sul";"12152"
"2024";"Angola";"18069000";"Outros chocolates e preparações alimentícias contendo cacau";"Rio Grande do Sul";"12104"
"2024";"Angola";"19030000";"Tapioca e seus sucedâneos preparados a partir de féculas, em flocos, grumos, grãos, pérolas ou formas semelhantes";"São Paulo";"10511"
"2024";"Cabo Verde";"20052000";"Batatas, preparados ou conservados, exceto em vinagre ou em ácido acético, não congelados";"São Paulo";"9056"
"2024";"Cabo Verde";"19041000";"Produtos à base de cereais, obtidos por expansão ou por torrefação";"Goiás";"8749"
"2024";"Angola";"18069000";"Outros chocolates e preparações alimentícias contendo cacau";"Espírito Santo";"7500"
"2024";"Moçambique";"18069000";"Outros chocolates e preparações alimentícias contendo cacau";"São Paulo";"6847"
"2024";"Cabo Verde";"18069000";"Outros chocolates e preparações alimentícias contendo cacau";"Minas Gerais";"6538"
"2024";"Cabo Verde";"19041000";"Produtos à base de cereais, obtidos por expansão ou por torrefação";"São Paulo";"6160"
"2024";"Angola";"21069010";"Outras preparações para elaboração de bebidas";"São Paulo";"6096"
"2024";"Cabo Verde";"21039021";"Condimentos e temperos, compostos, em embalagens imediatas de conteúdo inferior ou igual a 1 kg";"Minas Gerais";"5934"
"2024";"Cabo Verde";"19023000";"Outras massas alimentícias";"Rio Grande do Sul";"5753"
"2024";"Moçambique";"19019090";"Outras preparações alimentícias de farinhas, etc, cacau < 40%";"Rio de Janeiro";"5520"
"2024";"Angola";"19023000";"Outras massas alimentícias";"São Paulo";"5486"
"2024";"Angola";"08011100";"Cocos, frescos ou secos, dessecados";"Alagoas";"4443"
"2024";"Cabo Verde";"18069000";"Outros chocolates e preparações alimentícias contendo cacau";"Rio Grande do Sul";"3871"
"2024";"Angola";"20059900";"Outros produtos hortícolas, preparados ou conservados, exceto em vinagre ou em ácido acético, não congelados";"São Paulo";"3271"
"2024";"Cabo Verde";"18069000";"Outros chocolates e preparações alimentícias contendo cacau";"Santa Catarina";"3200"
"2024";"Cabo Verde";"21039021";"Condimentos e temperos, compostos, em embalagens imediatas de conteúdo inferior ou igual a 1 kg";"São Paulo";"3110"
"2024";"Angola";"07129090";"Outros produtos hortícolas; misturas de produtos hortícolas, secos, inclusive pedaços, fatias, etc";"Minas Gerais";"2985"
"2024";"Cabo Verde";"11041200";"Grãos de aveia, esmagados ou em flocos";"Paraná";"2592"
"2024";"Cabo Verde";"21069029";"Pós para preparações de cremes, sorvetes, flans, gelatinas ou preparações similares";"Santa Catarina";"2550"
"2024";"Moçambique";"17049020";"Caramelos, confeitos, dropes, pastilhas, e produtos semelhantes, sem cacau";"São Paulo";"2215"
"2024";"Cabo Verde";"19012090";"Outras misturas e pastas para a preparação de produtos de padaria, pastelaria e da indústria de bolachas e biscoitos, da posição 19.05";"Goiás";"1695"
"2024";"Angola";"18061000";"Cacau em pó, com adição de açúcar ou outros edulcorantes";"São Paulo";"1596"
"2024";"Moçambique";"21069029";"Pós para preparações de cremes, sorvetes, flans, gelatinas ou preparações similares";"São Paulo";"1578"
"2024";"Cabo Verde";"21041011";"Preparações para caldos e sopas, em embalagens imediatas de conteúdo inferior ou igual a 1 kg";"Minas Gerais";"1572"
"2024";"Cabo Verde";"19012090";"Outras misturas e pastas para a preparação de produtos de padaria, pastelaria e da indústria de bolachas e biscoitos, da posição 19.05";"Bahia";"1531"
"2024";"Cabo Verde";"12119090";"Outras plantas e partes, para perfumaria, medicina e semelhantes";"Ceará";"1347"
"2024";"Cabo Verde";"19041000";"Produtos à base de cereais, obtidos por expansão ou por torrefação";"Minas Gerais";"1270"
"2024";"Cabo Verde";"20052000";"Batatas, preparados ou conservados, exceto em vinagre ou em ácido acético, não congelados";"Minas Gerais";"1174"
"2024";"Angola";"20098990";"Sucos (sumo) de outras frutas, não fermentado, sem adição de açúcar";"São Paulo";"996"
"2024";"Angola";"20052000";"Batatas, preparados ou conservados, exceto em vinagre ou em ácido acético, não congelados";"São Paulo";"979"
"2024";"Moçambique";"19041000";"Produtos à base de cereais, obtidos por expansão ou por torrefação";"São Paulo";"886"
"2024";"Cabo Verde";"11029000";"Farinha de outros cereais";"Santa Catarina";"878"
"2024";"Angola";"19012090";"Outras misturas e pastas para a preparação de produtos de padaria, pastelaria e da indústria de bolachas e biscoitos, da posição 19.05";"São Paulo";"725"
"2024";"Angola";"28363000";"Hidrogenocarbonato (bicarbonato) de sódio";"São Paulo";"710"
"2024";"Cabo Verde";"11041200";"Grãos de aveia, esmagados ou em flocos";"Santa Catarina";"678"
"2024";"Cabo Verde";"19012090";"Outras misturas e pastas para a preparação de produtos de padaria, pastelaria e da indústria de bolachas e biscoitos, da posição 19.05";"Santa Catarina";"649"
"2024";"Moçambique";"19012090";"Outras misturas e pastas para a preparação de produtos de padaria, pastelaria e da indústria de bolachas e biscoitos, da posição 19.05";"Rio de Janeiro";"637"
"2024";"Moçambique";"19012090";"Outras misturas e pastas para a preparação de produtos de padaria, pastelaria e da indústria de bolachas e biscoitos, da posição 19.05";"São Paulo";"593"
"2024";"Angola";"28363000";"Hidrogenocarbonato (bicarbonato) de sódio";"Paraná";"587"
"2024";"Angola";"21069029";"Pós para preparações de cremes, sorvetes, flans, gelatinas ou preparações similares";"Goiás";"533"
"2024";"Angola";"17049020";"Caramelos, confeitos, dropes, pastilhas, e produtos semelhantes, sem cacau";"Espírito Santo";"495"
"2024";"Cabo Verde";"17049020";"Caramelos, confeitos, dropes, pastilhas, e produtos semelhantes, sem cacau";"Santa Catarina";"489"
"2024";"Moçambique";"18061000";"Cacau em pó, com adição de açúcar ou outros edulcorantes";"São Paulo";"462"
"2024";"Cabo Verde";"21069029";"Pós para preparações de cremes, sorvetes, flans, gelatinas ou preparações similares";"Bahia";"459"
"2024";"Guiné-Bissau";"18069000";"Outros chocolates e preparações alimentícias contendo cacau";"São Paulo";"456"
"2024";"Angola";"09092100";"Sementes de coentro, não trituradas nem em pó";"Rio Grande do Sul";"401"
"2024";"Cabo Verde";"21023000";"Pós para levedar, preparados";"Santa Catarina";"389"
"2024";"Cabo Verde";"08011100";"Cocos, frescos ou secos, dessecados";"Santa Catarina";"368"
"2024";"Guiné-Bissau";"21039021";"Condimentos e temperos, compostos, em embalagens imediatas de conteúdo inferior ou igual a 1 kg";"Paraná";"342"
"2024";"Cabo Verde";"19012090";"Outras misturas e pastas para a preparação de produtos de padaria, pastelaria e da indústria de bolachas e biscoitos, da posição 19.05";"Minas Gerais";"329"
"2024";"Guiné-Bissau";"19023000";"Outras massas alimentícias";"São Paulo";"320"
"2024";"Cabo Verde";"28363000";"Hidrogenocarbonato (bicarbonato) de sódio";"Santa Catarina";"302"
"2024";"Cabo Verde";"19023000";"Outras massas alimentícias";"Ceará";"297"
"2024";"Cabo Verde";"12040090";"Outras sementes de linho (linhaça), mesmo trituradas";"Santa Catarina";"291"
"2024";"Cabo Verde";"19030000";"Tapioca e seus sucedâneos preparados a partir de féculas, em flocos, grumos, grãos, pérolas ou formas semelhantes";"Minas Gerais";"284"
"2024";"Cabo Verde";"12079990";"Outras sementes e frutos oleaginosos, mesmo triturados";"Santa Catarina";"283"
"2024";"Angola";"18069000";"Outros chocolates e preparações alimentícias contendo cacau";"Goiás";"270"
"2024";"Cabo Verde";"19019090";"Outras preparações alimentícias de farinhas, etc, cacau < 40%";"Minas Gerais";"263"
"2024";"Moçambique";"28363000";"Hidrogenocarbonato (bicarbonato) de sódio";"Paraná";"257"
"2024";"Guiné-Bissau";"09096120";"Sementes de badiana (anis-estrelado), não triturado nem em pó";"Amazonas";"245"
"2024";"Angola";"21039029";"Outros condimentos e temperos, compostos";"Paraná";"245"
"2024";"Cabo Verde";"17019100";"Outros açúcares de cana, beterraba, com aromatizante corante";"Santa Catarina";"240"
"2024";"Cabo Verde";"18069000";"Outros chocolates e preparações alimentícias contendo cacau";"Goiás";"210"
"2024";"Cabo Verde";"11041200";"Grãos de aveia, esmagados ou em flocos";"Minas Gerais";"204"
"2024";"Cabo Verde";"19019090";"Outras preparações alimentícias de farinhas, etc, cacau < 40%";"Santa Catarina";"182"
"2024";"Cabo Verde";"18069000";"Outros chocolates e preparações alimentícias contendo cacau";"Bahia";"161"
"2024";"Cabo Verde";"09096110";"Sementes de anis (erva-doce), não trituradas nem em pó";"Santa Catarina";"159"
"2024";"Cabo Verde";"17049020";"Caramelos, confeitos, dropes, pastilhas, e produtos semelhantes, sem cacau";"Bahia";"145"
"2024";"Guiné-Bissau";"19012090";"Outras misturas e pastas para a preparação de produtos de padaria, pastelaria e da indústria de bolachas e biscoitos, da posição 19.05";"São Paulo";"145"
"2024";"Angola";"18069000";"Outros chocolates e preparações alimentícias contendo cacau";"Alagoas";"133"
"2024";"Cabo Verde";"12119090";"Outras plantas e partes, para perfumaria, medicina e semelhantes";"Santa Catarina";"127"
"2024";"Guiné-Bissau";"18069000";"Outros chocolates e preparações alimentícias contendo cacau";"Alagoas";"122"
"2024";"Moçambique";"17019900";"Outros açúcares de cana, beterraba, sacarose químicamente pura, sol.";"São Paulo";"96"
"2024";"Guiné-Bissau";"09109900";"Outras especiarias";"Amazonas";"93"
"2024";"Angola";"09081100";"Noz-moscada, não triturada nem em pó";"Paraná";"80"
"2024";"Guiné-Bissau";"21039029";"Outros condimentos e temperos, compostos";"Paraná";"79"
"2024";"Guiné-Bissau";"09041200";"Pimenta (do gênero Piper), triturada ou em pó";"Amazonas";"77"
"2024";"Guiné-Bissau";"21069010";"Outras preparações para elaboração de bebidas";"Alagoas";"72"
"2024";"Guiné-Bissau";"21041011";"Preparações para caldos e sopas, em embalagens imediatas de conteúdo inferior ou igual a 1 kg";"São Paulo";"65"
"2024";"Angola";"19041000";"Produtos à base de cereais, obtidos por expansão ou por torrefação";"Paraná";"62"
"2024";"Angola";"09041200";"Pimenta (do gênero Piper), triturada ou em pó";"Paraná";"59"
"2024";"Guiné-Bissau";"18069000";"Outros chocolates e preparações alimentícias contendo cacau";"Paraná";"59"
"2024";"Guiné-Bissau";"19041000";"Produtos à base de cereais, obtidos por expansão ou por torrefação";"São Paulo";"57"
"2024";"Guiné-Bissau";"19041000";"Produtos à base de cereais, obtidos por expansão ou por torrefação";"Amazonas";"56"
"2024";"Guiné-Bissau";"20059900";"Outros produtos hortícolas, preparados ou conservados, exceto em vinagre ou em ácido acético, não congelados";"Alagoas";"56"
"2024";"Guiné-Bissau";"19041000";"Produtos à base de cereais, obtidos por expansão ou por torrefação";"Alagoas";"53"
"2024";"Angola";"12119010";"Orégano (Origanum vulgare) fresco ou seco, para perfumaria, medicina, etc.";"Paraná";"52"
"2024";"Guiné-Bissau";"17019900";"Outros açúcares de cana, beterraba, sacarose químicamente pura, sol.";"Alagoas";"48"
"2024";"Cabo Verde";"18061000";"Cacau em pó, com adição de açúcar ou outros edulcorantes";"Bahia";"47"
"2024";"Guiné-Bissau";"09042200";"Pimentões e pimentas dos gêneros Capsicum ou Pimenta, triturados ou em pó";"Alagoas";"45"
"2024";"Angola";"11041200";"Grãos de aveia, esmagados ou em flocos";"Paraná";"37"
"2024";"Guiné-Bissau";"08011100";"Cocos, frescos ou secos, dessecados";"São Paulo";"36"
"2024";"Guiné-Bissau";"21039021";"Condimentos e temperos, compostos, em embalagens imediatas de conteúdo inferior ou igual a 1 kg";"São Paulo";"26"
"2024";"Angola";"12079990";"Outras sementes e frutos oleaginosos, mesmo triturados";"Paraná";"23"
"2024";"Guiné-Bissau";"09041100";"Pimenta (do gênero Piper), não triturada nem em pó";"São Paulo";"22"
"2024";"Guiné-Bissau";"19030000";"Tapioca e seus sucedâneos preparados a partir de féculas, em flocos, grumos, grãos, pérolas ou formas semelhantes";"São Paulo";"21"
"2024";"Guiné-Bissau";"28363000";"Hidrogenocarbonato (bicarbonato) de sódio";"São Paulo";"21"
"2024";"Angola";"09062000";"Canela e flores de caneleira, trituradas ou em pó";"Paraná";"21"
"2024";"Angola";"09103000";"Açafrão-da-terra (curcuma)";"Paraná";"18"
"2024";"Guiné-Bissau";"28363000";"Hidrogenocarbonato (bicarbonato) de sódio";"Paraná";"18"
"2024";"Guiné-Bissau";"21069029";"Pós para preparações de cremes, sorvetes, flans, gelatinas ou preparações similares";"São Paulo";"15"
"2024";"Angola";"21069029";"Pós para preparações de cremes, sorvetes, flans, gelatinas ou preparações similares";"Paraná";"14"
"2024";"Guiné-Bissau";"08011100";"Cocos, frescos ou secos, dessecados";"Alagoas";"14"
"2024";"Guiné-Bissau";"18050000";"Cacau em pó, sem adição de açúcar ou outros edulcorantes";"São Paulo";"13"
"2024";"Guiné-Bissau";"07129090";"Outros produtos hortícolas; misturas de produtos hortícolas, secos, inclusive pedaços, fatias, etc";"Amazonas";"13"
"2024";"Guiné-Bissau";"11041200";"Grãos de aveia, esmagados ou em flocos";"Paraná";"12"
"2024";"Guiné-Bissau";"20098990";"Sucos (sumo) de outras frutas, não fermentado, sem adição de açúcar";"São Paulo";"12"
"2024";"Angola";"11029000";"Farinha de outros cereais";"Paraná";"10"
"2024";"Guiné-Bissau";"09041200";"Pimenta (do gênero Piper), triturada ou em pó";"Paraná";"9"
"2024";"Angola";"08011100";"Cocos, frescos ou secos, dessecados";"Paraná";"9"
"2024";"Guiné-Bissau";"19019090";"Outras preparações alimentícias de farinhas, etc, cacau < 40%";"São Paulo";"9"
"2024";"Guiné-Bissau";"09109900";"Outras especiarias";"São Paulo";"9"
"2024";"Guiné-Bissau";"11081200";"Amido de milho";"São Paulo";"7"
"2024";"Moçambique";"19023000";"Outras massas alimentícias";"Rio de Janeiro";"6"
"2024";"Guiné-Bissau";"07129090";"Outros produtos hortícolas; misturas de produtos hortícolas, secos, inclusive pedaços, fatias, etc";"Alagoas";"6"
"2024";"Cabo Verde";"18069000";"Outros chocolates e preparações alimentícias contendo cacau";"Ceará";"5"
"2024";"Guiné-Bissau";"21069010";"Outras preparações para elaboração de bebidas";"São Paulo";"4"
"2024";"Guiné-Bissau";"19023000";"Outras massas alimentícias";"Alagoas";"3"
"2024";"Guiné-Bissau";"12119090";"Outras plantas e partes, para perfumaria, medicina e semelhantes";"São Paulo";"1"
"2023";"Angola";"17019900";"Outros açúcares de cana, beterraba, sacarose químicamente pura, sol.";"São Paulo";"30786903"
"2023";"Cabo Verde";"17019900";"Outros açúcares de cana, beterraba, sacarose químicamente pura, sol.";"São Paulo";"5648929"
"2023";"São Tomé e Príncipe";"17019900";"Outros açúcares de cana, beterraba, sacarose químicamente pura, sol.";"São Paulo";"1293790"
"2023";"Angola";"17049020";"Caramelos, confeitos, dropes, pastilhas, e produtos semelhantes, sem cacau";"Minas Gerais";"951350"
"2023";"Angola";"17049020";"Caramelos, confeitos, dropes, pastilhas, e produtos semelhantes, sem cacau";"Rio Grande do Sul";"915669"
"2023";"Angola";"17019900";"Outros açúcares de cana, beterraba, sacarose químicamente pura, sol.";"Minas Gerais";"910186"
"2023";"Moçambique";"17019900";"Outros açúcares de cana, beterraba, sacarose químicamente pura, sol.";"São Paulo";"711814"
"2023";"Cabo Verde";"21069010";"Outras preparações para elaboração de bebidas";"Goiás";"421459"
"2023";"Cabo Verde";"17019900";"Outros açúcares de cana, beterraba, sacarose químicamente pura, sol.";"Minas Gerais";"370144"
"2023";"Guiné-Bissau";"17019900";"Outros açúcares de cana, beterraba, sacarose químicamente pura, sol.";"São Paulo";"362765"
"2023";"Cabo Verde";"19019090";"Outras preparações alimentícias de farinhas, etc, cacau < 40%";"Minas Gerais";"300849"
"2023";"Cabo Verde";"17019900";"Outros açúcares de cana, beterraba, sacarose químicamente pura, sol.";"Alagoas";"292998"
"2023";"Angola";"17049020";"Caramelos, confeitos, dropes, pastilhas, e produtos semelhantes, sem cacau";"São Paulo";"271975"
"2023";"Cabo Verde";"17049020";"Caramelos, confeitos, dropes, pastilhas, e produtos semelhantes, sem cacau";"Rio Grande do Sul";"194617"
"2023";"Moçambique";"20098990";"Sucos (sumo) de outras frutas, não fermentado, sem adição de açúcar";"São Paulo";"167366"
"2023";"São Tomé e Príncipe";"17049020";"Caramelos, confeitos, dropes, pastilhas, e produtos semelhantes, sem cacau";"Rio Grande do Sul";"162633"
"2023";"Cabo Verde";"20098990";"Sucos (sumo) de outras frutas, não fermentado, sem adição de açúcar";"São Paulo";"120452"
"2023";"Moçambique";"17049020";"Caramelos, confeitos, dropes, pastilhas, e produtos semelhantes, sem cacau";"Minas Gerais";"116410"
"2023";"Cabo Verde";"18069000";"Outros chocolates e preparações alimentícias contendo cacau";"São Paulo";"106171"
"2023";"Angola";"18069000";"Outros chocolates e preparações alimentícias contendo cacau";"São Paulo";"82336"
"2023";"Cabo Verde";"19023000";"Outras massas alimentícias";"São Paulo";"77907"
"2023";"Guiné-Bissau";"19019090";"Outras preparações alimentícias de farinhas, etc, cacau < 40%";"Paraná";"63522"
"2023";"Angola";"17049020";"Caramelos, confeitos, dropes, pastilhas, e produtos semelhantes, sem cacau";"Paraná";"57304"
"2023";"Angola";"21069029";"Pós para preparações de cremes, sorvetes, flans, gelatinas ou preparações similares";"Paraná";"47487"
"2023";"Angola";"21039021";"Condimentos e temperos, compostos, em embalagens imediatas de conteúdo inferior ou igual a 1 kg";"Rio Grande do Sul";"45253"
"2023";"Cabo Verde";"19023000";"Outras massas alimentícias";"Goiás";"40032"
"2023";"Cabo Verde";"17049020";"Caramelos, confeitos, dropes, pastilhas, e produtos semelhantes, sem cacau";"São Paulo";"39481"
"2023";"Cabo Verde";"21069029";"Pós para preparações de cremes, sorvetes, flans, gelatinas ou preparações similares";"São Paulo";"38690"
"2023";"Angola";"18069000";"Outros chocolates e preparações alimentícias contendo cacau";"Rio Grande do Sul";"34952"
"2023";"Moçambique";"12119090";"Outras plantas e partes, para perfumaria, medicina e semelhantes";"São Paulo";"34407"
"2023";"Cabo Verde";"21069010";"Outras preparações para elaboração de bebidas";"São Paulo";"31661"
"2023";"Cabo Verde";"21069010";"Outras preparações para elaboração de bebidas";"Minas Gerais";"30340"
"2023";"Angola";"21069010";"Outras preparações para elaboração de bebidas";"Rio Grande do Sul";"23831"
"2023";"Angola";"19041000";"Produtos à base de cereais, obtidos por expansão ou por torrefação";"Goiás";"20947"
"2023";"São Tomé e Príncipe";"19041000";"Produtos à base de cereais, obtidos por expansão ou por torrefação";"Goiás";"20498"
"2023";"Cabo Verde";"18069000";"Outros chocolates e preparações alimentícias contendo cacau";"Santa Catarina";"20290"
"2023";"Cabo Verde";"17049020";"Caramelos, confeitos, dropes, pastilhas, e produtos semelhantes, sem cacau";"Minas Gerais";"19833"
"2023";"Angola";"21039021";"Condimentos e temperos, compostos, em embalagens imediatas de conteúdo inferior ou igual a 1 kg";"São Paulo";"19074"
"2023";"Angola";"21069010";"Outras preparações para elaboração de bebidas";"Paraná";"17494"
"2023";"Angola";"01012900";"Cavalos, exceto reprodutores de raça pura";"Pará";"16200"
"2023";"Cabo Verde";"19041000";"Produtos à base de cereais, obtidos por expansão ou por torrefação";"Goiás";"12696"
"2023";"Angola";"21069010";"Outras preparações para elaboração de bebidas";"São Paulo";"11191"
"2023";"Moçambique";"18069000";"Outros chocolates e preparações alimentícias contendo cacau";"São Paulo";"10800"
"2023";"Cabo Verde";"19023000";"Outras massas alimentícias";"Pernambuco";"10254"
"2023";"Angola";"19023000";"Outras massas alimentícias";"São Paulo";"9703"
"2023";"Moçambique";"19041000";"Produtos à base de cereais, obtidos por expansão ou por torrefação";"Goiás";"9348"
"2023";"Cabo Verde";"19023000";"Outras massas alimentícias";"Ceará";"8829"
"2023";"Cabo Verde";"21069010";"Outras preparações para elaboração de bebidas";"Santa Catarina";"6370"
"2023";"Angola";"11081200";"Amido de milho";"São Paulo";"6295"
"2023";"Moçambique";"19019090";"Outras preparações alimentícias de farinhas, etc, cacau < 40%";"Paraná";"5973"
"2023";"Angola";"19041000";"Produtos à base de cereais, obtidos por expansão ou por torrefação";"Rio Grande do Sul";"5903"
"2023";"Moçambique";"19030000";"Tapioca e seus sucedâneos preparados a partir de féculas, em flocos, grumos, grãos, pérolas ou formas semelhantes";"Paraná";"5414"
"2023";"Cabo Verde";"20059900";"Outros produtos hortícolas, preparados ou conservados, exceto em vinagre ou em ácido acético, não congelados";"Rio Grande do Sul";"5280"
"2023";"Angola";"19023000";"Outras massas alimentícias";"Bahia";"4986"
"2023";"Angola";"19030000";"Tapioca e seus sucedâneos preparados a partir de féculas, em flocos, grumos, grãos, pérolas ou formas semelhantes";"Paraná";"4968"
"2023";"Moçambique";"20052000";"Batatas, preparados ou conservados, exceto em vinagre ou em ácido acético, não congelados";"Minas Gerais";"4925"
"2023";"Cabo Verde";"21039021";"Condimentos e temperos, compostos, em embalagens imediatas de conteúdo inferior ou igual a 1 kg";"São Paulo";"4570"
"2023";"Cabo Verde";"20098990";"Sucos (sumo) de outras frutas, não fermentado, sem adição de açúcar";"Alagoas";"4482"
"2023";"Angola";"19019090";"Outras preparações alimentícias de farinhas, etc, cacau < 40%";"São Paulo";"4429"
"2023";"Cabo Verde";"18061000";"Cacau em pó, com adição de açúcar ou outros edulcorantes";"Bahia";"4224"
"2023";"Moçambique";"20052000";"Batatas, preparados ou conservados, exceto em vinagre ou em ácido acético, não congelados";"Paraná";"4158"
"2023";"Cabo Verde";"21021090";"Outras leveduras vivas";"Santa Catarina";"3148"
"2023";"Cabo Verde";"21041011";"Preparações para caldos e sopas, em embalagens imediatas de conteúdo inferior ou igual a 1 kg";"Santa Catarina";"3090"
"2023";"Moçambique";"19019090";"Outras preparações alimentícias de farinhas, etc, cacau < 40%";"Minas Gerais";"2726"
"2023";"Angola";"19041000";"Produtos à base de cereais, obtidos por expansão ou por torrefação";"São Paulo";"2578"
"2023";"Cabo Verde";"21069010";"Outras preparações para elaboração de bebidas";"Rio Grande do Sul";"2570"
"2023";"Angola";"21069029";"Pós para preparações de cremes, sorvetes, flans, gelatinas ou preparações similares";"São Paulo";"2457"
"2023";"Moçambique";"21041011";"Preparações para caldos e sopas, em embalagens imediatas de conteúdo inferior ou igual a 1 kg";"Paraná";"2456"
"2023";"Angola";"09041200";"Pimenta (do gênero Piper), triturada ou em pó";"São Paulo";"2140"
"2023";"Angola";"20052000";"Batatas, preparados ou conservados, exceto em vinagre ou em ácido acético, não congelados";"São Paulo";"2134"
"2023";"Cabo Verde";"21069029";"Pós para preparações de cremes, sorvetes, flans, gelatinas ou preparações similares";"Santa Catarina";"2114"
"2023";"Angola";"28363000";"Hidrogenocarbonato (bicarbonato) de sódio";"Paraná";"2062"
"2023";"Moçambique";"19041000";"Produtos à base de cereais, obtidos por expansão ou por torrefação";"Paraná";"2032"
"2023";"Angola";"09062000";"Canela e flores de caneleira, trituradas ou em pó";"São Paulo";"2012"
"2023";"Angola";"20098990";"Sucos (sumo) de outras frutas, não fermentado, sem adição de açúcar";"São Paulo";"1869"
"2023";"Angola";"12119090";"Outras plantas e partes, para perfumaria, medicina e semelhantes";"São Paulo";"1646"
"2023";"Cabo Verde";"08011100";"Cocos, frescos ou secos, dessecados";"Santa Catarina";"1534"
"2023";"Angola";"18061000";"Cacau em pó, com adição de açúcar ou outros edulcorantes";"São Paulo";"1500"
"2023";"Moçambique";"19030000";"Tapioca e seus sucedâneos preparados a partir de féculas, em flocos, grumos, grãos, pérolas ou formas semelhantes";"Minas Gerais";"1466"
"2023";"Angola";"19041000";"Produtos à base de cereais, obtidos por expansão ou por torrefação";"Rio de Janeiro";"1457"
"2023";"Cabo Verde";"18069000";"Outros chocolates e preparações alimentícias contendo cacau";"Minas Gerais";"1299"
"2023";"Moçambique";"21039021";"Condimentos e temperos, compostos, em embalagens imediatas de conteúdo inferior ou igual a 1 kg";"Paraná";"1220"
"2023";"Moçambique";"21039021";"Condimentos e temperos, compostos, em embalagens imediatas de conteúdo inferior ou igual a 1 kg";"Minas Gerais";"1198"
"2023";"Cabo Verde";"11041200";"Grãos de aveia, esmagados ou em flocos";"São Paulo";"1195"
"2023";"Cabo Verde";"21041011";"Preparações para caldos e sopas, em embalagens imediatas de conteúdo inferior ou igual a 1 kg";"São Paulo";"1172"
"2023";"Angola";"17049020";"Caramelos, confeitos, dropes, pastilhas, e produtos semelhantes, sem cacau";"Rio de Janeiro";"1119"
"2023";"Angola";"18069000";"Outros chocolates e preparações alimentícias contendo cacau";"Rio de Janeiro";"1045"
"2023";"Cabo Verde";"12119090";"Outras plantas e partes, para perfumaria, medicina e semelhantes";"Ceará";"972"
"2023";"Moçambique";"11041200";"Grãos de aveia, esmagados ou em flocos";"Paraná";"969"
"2023";"Cabo Verde";"19030000";"Tapioca e seus sucedâneos preparados a partir de féculas, em flocos, grumos, grãos, pérolas ou formas semelhantes";"São Paulo";"965"
"2023";"Cabo Verde";"18050000";"Cacau em pó, sem adição de açúcar ou outros edulcorantes";"Santa Catarina";"885"
"2023";"Cabo Verde";"18069000";"Outros chocolates e preparações alimentícias contendo cacau";"Ceará";"820"
"2023";"Moçambique";"18069000";"Outros chocolates e preparações alimentícias contendo cacau";"Goiás";"816"
"2023";"Cabo Verde";"11041200";"Grãos de aveia, esmagados ou em flocos";"Paraná";"810"
"2023";"Angola";"21021090";"Outras leveduras vivas";"Rio Grande do Sul";"775"
"2023";"Cabo Verde";"21069021";"Pós para a fabricação de pudins, em embalagens imediatas de conteúdo inferior ou igual a 1 kg";"Santa Catarina";"764"
"2023";"Cabo Verde";"11041200";"Grãos de aveia, esmagados ou em flocos";"Santa Catarina";"738"
"2023";"Moçambique";"11081200";"Amido de milho";"Paraná";"725"
"2023";"Angola";"19019090";"Outras preparações alimentícias de farinhas, etc, cacau < 40%";"Paraná";"725"
"2023";"Cabo Verde";"21069029";"Pós para preparações de cremes, sorvetes, flans, gelatinas ou preparações similares";"Bahia";"696"
"2023";"Cabo Verde";"18061000";"Cacau em pó, com adição de açúcar ou outros edulcorantes";"Santa Catarina";"673"
"2023";"Cabo Verde";"18069000";"Outros chocolates e preparações alimentícias contendo cacau";"Goiás";"649"
"2023";"Angola";"18050000";"Cacau em pó, sem adição de açúcar ou outros edulcorantes";"São Paulo";"570"
"2023";"Moçambique";"19041000";"Produtos à base de cereais, obtidos por expansão ou por torrefação";"Minas Gerais";"555"
"2023";"Cabo Verde";"20059900";"Outros produtos hortícolas, preparados ou conservados, exceto em vinagre ou em ácido acético, não congelados";"São Paulo";"514"
"2023";"Moçambique";"21069029";"Pós para preparações de cremes, sorvetes, flans, gelatinas ou preparações similares";"Minas Gerais";"495"
"2023";"Angola";"21069021";"Pós para a fabricação de pudins, em embalagens imediatas de conteúdo inferior ou igual a 1 kg";"Minas Gerais";"487"
"2023";"Angola";"21069029";"Pós para preparações de cremes, sorvetes, flans, gelatinas ou preparações similares";"Minas Gerais";"487"
"2023";"Angola";"11041200";"Grãos de aveia, esmagados ou em flocos";"Paraná";"458"
"2023";"Moçambique";"21069029";"Pós para preparações de cremes, sorvetes, flans, gelatinas ou preparações similares";"São Paulo";"456"
"2023";"Cabo Verde";"19041000";"Produtos à base de cereais, obtidos por expansão ou por torrefação";"São Paulo";"427"
"2023";"Moçambique";"19023000";"Outras massas alimentícias";"São Paulo";"410"
"2023";"Cabo Verde";"12079990";"Outras sementes e frutos oleaginosos, mesmo triturados";"Santa Catarina";"396"
"2023";"Cabo Verde";"11081200";"Amido de milho";"Santa Catarina";"395"
"2023";"Cabo Verde";"11029000";"Farinha de outros cereais";"Santa Catarina";"383"
"2023";"Cabo Verde";"19019090";"Outras preparações alimentícias de farinhas, etc, cacau < 40%";"São Paulo";"379"
"2023";"Cabo Verde";"11029000";"Farinha de outros cereais";"São Paulo";"377"
"2023";"Angola";"18069000";"Outros chocolates e preparações alimentícias contendo cacau";"Paraná";"376"
"2023";"Angola";"18061000";"Cacau em pó, com adição de açúcar ou outros edulcorantes";"Rio de Janeiro";"367"
"2023";"Moçambique";"09109900";"Outras especiarias";"Minas Gerais";"307"
"2023";"Cabo Verde";"17049020";"Caramelos, confeitos, dropes, pastilhas, e produtos semelhantes, sem cacau";"Bahia";"298"
"2023";"Angola";"18069000";"Outros chocolates e preparações alimentícias contendo cacau";"Minas Gerais";"247"
"2023";"Cabo Verde";"21039029";"Outros condimentos e temperos, compostos";"São Paulo";"234"
"2023";"Cabo Verde";"12040090";"Outras sementes de linho (linhaça), mesmo trituradas";"Santa Catarina";"220"
"2023";"Cabo Verde";"17049020";"Caramelos, confeitos, dropes, pastilhas, e produtos semelhantes, sem cacau";"Santa Catarina";"220"
"2023";"Moçambique";"09062000";"Canela e flores de caneleira, trituradas ou em pó";"Minas Gerais";"213"
"2023";"Angola";"09061100";"Canela (Cinnamomum zeylanicum blume) e flores de caneleira, não trituradas nem em pó";"São Paulo";"212"
"2023";"Moçambique";"12119010";"Orégano (Origanum vulgare) fresco ou seco, para perfumaria, medicina, etc.";"Minas Gerais";"207"
"2023";"Cabo Verde";"09041200";"Pimenta (do gênero Piper), triturada ou em pó";"São Paulo";"198"
"2023";"Angola";"12119090";"Outras plantas e partes, para perfumaria, medicina e semelhantes";"Paraná";"169"
"2023";"Angola";"28363000";"Hidrogenocarbonato (bicarbonato) de sódio";"São Paulo";"162"
"2023";"Cabo Verde";"12119010";"Orégano (Origanum vulgare) fresco ou seco, para perfumaria, medicina, etc.";"São Paulo";"144"
"2023";"Moçambique";"09061100";"Canela (Cinnamomum zeylanicum blume) e flores de caneleira, não trituradas nem em pó";"Minas Gerais";"142"
"2023";"Angola";"12119010";"Orégano (Origanum vulgare) fresco ou seco, para perfumaria, medicina, etc.";"São Paulo";"137"
"2023";"Cabo Verde";"12119090";"Outras plantas e partes, para perfumaria, medicina e semelhantes";"Santa Catarina";"127"
"2023";"Angola";"12079990";"Outras sementes e frutos oleaginosos, mesmo triturados";"São Paulo";"119"
"2023";"Angola";"09109900";"Outras especiarias";"Paraná";"108"
"2023";"Cabo Verde";"11029000";"Farinha de outros cereais";"Paraná";"97"
"2023";"Cabo Verde";"17019100";"Outros açúcares de cana, beterraba, com aromatizante corante";"Santa Catarina";"96"
"2023";"Cabo Verde";"09101200";"Gengibre, triturado ou em pó";"Santa Catarina";"86"
"2023";"Cabo Verde";"11081200";"Amido de milho";"São Paulo";"84"
"2023";"Cabo Verde";"12040090";"Outras sementes de linho (linhaça), mesmo trituradas";"São Paulo";"56"
"2023";"Cabo Verde";"12119090";"Outras plantas e partes, para perfumaria, medicina e semelhantes";"São Paulo";"53"
"2023";"Angola";"09109900";"Outras especiarias";"São Paulo";"49"
"2023";"Angola";"19030000";"Tapioca e seus sucedâneos preparados a partir de féculas, em flocos, grumos, grãos, pérolas ou formas semelhantes";"São Paulo";"36"
"2023";"Angola";"17019100";"Outros açúcares de cana, beterraba, com aromatizante corante";"São Paulo";"19"
"2023";"Cabo Verde";"28363000";"Hidrogenocarbonato (bicarbonato) de sódio";"São Paulo";"17"
"2023";"Angola";"12040090";"Outras sementes de linho (linhaça), mesmo trituradas";"São Paulo";"14"
"2023";"Angola";"09103000";"Açafrão-da-terra (curcuma)";"São Paulo";"14"
"2023";"Cabo Verde";"19019090";"Outras preparações alimentícias de farinhas, etc, cacau < 40%";"Santa Catarina";"12"
"2023";"Guiné-Bissau";"21069029";"Pós para preparações de cremes, sorvetes, flans, gelatinas ou preparações similares";"Ceará";"10"
"2023";"Angola";"21021090";"Outras leveduras vivas";"São Paulo";"6"
"2023";"Angola";"12040090";"Outras sementes de linho (linhaça), mesmo trituradas";"Paraná";"5"
"2023";"Angola";"19041000";"Produtos à base de cereais, obtidos por expansão ou por torrefação";"Paraná";"5"
"2023";"Angola";"12079990";"Outras sementes e frutos oleaginosos, mesmo triturados";"Paraná";"4"
"2023";"Angola";"11029000";"Farinha de outros cereais";"Paraná";"4"
"2023";"Cabo Verde";"21039021";"Condimentos e temperos, compostos, em embalagens imediatas de conteúdo inferior ou igual a 1 kg";"Goiás";"1"
"2023";"Angola";"08011100";"Cocos, frescos ou secos, dessecados";"Paraná";"1"
"2023";"Cabo Verde";"11041200";"Grãos de aveia, esmagados ou em flocos";"Goiás";"1"
"2023";"Cabo Verde";"19030000";"Tapioca e seus sucedâneos preparados a partir de féculas, em flocos, grumos, grãos, pérolas ou formas semelhantes";"Goiás";"1"
"2023";"Cabo Verde";"09041100";"Pimenta (do gênero Piper), não triturada nem em pó";"Goiás";"1"
"2023";"Cabo Verde";"12119010";"Orégano (Origanum vulgare) fresco ou seco, para perfumaria, medicina, etc.";"Goiás";"1"
"2022";"Angola";"17019900";"Outros açúcares de cana, beterraba, sacarose químicamente pura, sol.";"São Paulo";"88017461"
"2022";"Angola";"17019900";"Outros açúcares de cana, beterraba, sacarose químicamente pura, sol.";"Pernambuco";"12593151"
"2022";"Angola";"17019900";"Outros açúcares de cana, beterraba, sacarose químicamente pura, sol.";"Minas Gerais";"5918913"
"2022";"Cabo Verde";"17019900";"Outros açúcares de cana, beterraba, sacarose químicamente pura, sol.";"São Paulo";"4487093"
"2022";"São Tomé e Príncipe";"17019900";"Outros açúcares de cana, beterraba, sacarose químicamente pura, sol.";"São Paulo";"1165326"
"2022";"Angola";"17049020";"Caramelos, confeitos, dropes, pastilhas, e produtos semelhantes, sem cacau";"Rio Grande do Sul";"944732"
"2022";"Angola";"17049020";"Caramelos, confeitos, dropes, pastilhas, e produtos semelhantes, sem cacau";"Minas Gerais";"603903"
"2022";"Angola";"17019900";"Outros açúcares de cana, beterraba, sacarose químicamente pura, sol.";"Goiás";"371795"
"2022";"Angola";"17049020";"Caramelos, confeitos, dropes, pastilhas, e produtos semelhantes, sem cacau";"São Paulo";"310124"
"2022";"Cabo Verde";"21069010";"Outras preparações para elaboração de bebidas";"Goiás";"292539"
"2022";"Guiné-Bissau";"17019900";"Outros açúcares de cana, beterraba, sacarose químicamente pura, sol.";"São Paulo";"226157"
"2022";"Moçambique";"20098990";"Sucos (sumo) de outras frutas, não fermentado, sem adição de açúcar";"São Paulo";"204108"
"2022";"Guiné-Bissau";"19019090";"Outras preparações alimentícias de farinhas, etc, cacau < 40%";"Paraná";"175452"
"2022";"São Tomé e Príncipe";"17049020";"Caramelos, confeitos, dropes, pastilhas, e produtos semelhantes, sem cacau";"Rio Grande do Sul";"146309"
"2022";"Angola";"20059900";"Outros produtos hortícolas, preparados ou conservados, exceto em vinagre ou em ácido acético, não congelados";"Rio Grande do Sul";"130658"
"2022";"Angola";"21069010";"Outras preparações para elaboração de bebidas";"Paraná";"120304"
"2022";"Moçambique";"17049020";"Caramelos, confeitos, dropes, pastilhas, e produtos semelhantes, sem cacau";"Minas Gerais";"109910"
"2022";"Angola";"21041011";"Preparações para caldos e sopas, em embalagens imediatas de conteúdo inferior ou igual a 1 kg";"São Paulo";"106844"
"2022";"Moçambique";"17049020";"Caramelos, confeitos, dropes, pastilhas, e produtos semelhantes, sem cacau";"Rio Grande do Sul";"99010"
"2022";"Angola";"18069000";"Outros chocolates e preparações alimentícias contendo cacau";"São Paulo";"94306"
"2022";"Cabo Verde";"19019090";"Outras preparações alimentícias de farinhas, etc, cacau < 40%";"Minas Gerais";"88740"
"2022";"Cabo Verde";"17049020";"Caramelos, confeitos, dropes, pastilhas, e produtos semelhantes, sem cacau";"Rio Grande do Sul";"73278"
"2022";"Cabo Verde";"20098990";"Sucos (sumo) de outras frutas, não fermentado, sem adição de açúcar";"São Paulo";"70671"
"2022";"Cabo Verde";"17049020";"Caramelos, confeitos, dropes, pastilhas, e produtos semelhantes, sem cacau";"São Paulo";"70530"
"2022";"Angola";"21039021";"Condimentos e temperos, compostos, em embalagens imediatas de conteúdo inferior ou igual a 1 kg";"Rio Grande do Sul";"67375"
"2022";"Angola";"12119090";"Outras plantas e partes, para perfumaria, medicina e semelhantes";"São Paulo";"60086"
"2022";"Cabo Verde";"20098990";"Sucos (sumo) de outras frutas, não fermentado, sem adição de açúcar";"Alagoas";"57408"
"2022";"Cabo Verde";"19023000";"Outras massas alimentícias";"São Paulo";"47546"
"2022";"Angola";"20098990";"Sucos (sumo) de outras frutas, não fermentado, sem adição de açúcar";"São Paulo";"44996"
"2022";"Angola";"21069010";"Outras preparações para elaboração de bebidas";"São Paulo";"43867"
"2022";"Moçambique";"12119090";"Outras plantas e partes, para perfumaria, medicina e semelhantes";"São Paulo";"41247"
"2022";"Cabo Verde";"18069000";"Outros chocolates e preparações alimentícias contendo cacau";"São Paulo";"40521"
"2022";"Angola";"19041000";"Produtos à base de cereais, obtidos por expansão ou por torrefação";"Goiás";"36369"
"2022";"Angola";"21069010";"Outras preparações para elaboração de bebidas";"Rio Grande do Sul";"34560"
"2022";"Angola";"18069000";"Outros chocolates e preparações alimentícias contendo cacau";"Rio Grande do Sul";"32995"
"2022";"Angola";"21069029";"Pós para preparações de cremes, sorvetes, flans, gelatinas ou preparações similares";"Paraná";"30359"
"2022";"Angola";"08011100";"Cocos, frescos ou secos, dessecados";"Alagoas";"29308"
"2022";"Cabo Verde";"21069029";"Pós para preparações de cremes, sorvetes, flans, gelatinas ou preparações similares";"Paraná";"24144"
"2022";"Angola";"21021090";"Outras leveduras vivas";"Rio Grande do Sul";"22761"
"2022";"Angola";"18069000";"Outros chocolates e preparações alimentícias contendo cacau";"Minas Gerais";"20845"
"2022";"Cabo Verde";"17019900";"Outros açúcares de cana, beterraba, sacarose químicamente pura, sol.";"Alagoas";"20428"
"2022";"Cabo Verde";"17049020";"Caramelos, confeitos, dropes, pastilhas, e produtos semelhantes, sem cacau";"Minas Gerais";"16955"
"2022";"Angola";"19023000";"Outras massas alimentícias";"São Paulo";"16502"
"2022";"Angola";"20098990";"Sucos (sumo) de outras frutas, não fermentado, sem adição de açúcar";"Alagoas";"15681"
"2022";"Angola";"19019090";"Outras preparações alimentícias de farinhas, etc, cacau < 40%";"Paraná";"15197"
"2022";"Angola";"21039021";"Condimentos e temperos, compostos, em embalagens imediatas de conteúdo inferior ou igual a 1 kg";"São Paulo";"14997"
"2022";"Cabo Verde";"19023000";"Outras massas alimentícias";"Goiás";"14153"
"2022";"Angola";"19019090";"Outras preparações alimentícias de farinhas, etc, cacau < 40%";"São Paulo";"12096"
"2022";"Cabo Verde";"21069029";"Pós para preparações de cremes, sorvetes, flans, gelatinas ou preparações similares";"São Paulo";"10324"
"2022";"Angola";"19019090";"Outras preparações alimentícias de farinhas, etc, cacau < 40%";"Rio de Janeiro";"9858"
"2022";"Moçambique";"18069000";"Outros chocolates e preparações alimentícias contendo cacau";"São Paulo";"8585"
"2022";"Moçambique";"19041000";"Produtos à base de cereais, obtidos por expansão ou por torrefação";"São Paulo";"8429"
"2022";"Moçambique";"17049020";"Caramelos, confeitos, dropes, pastilhas, e produtos semelhantes, sem cacau";"São Paulo";"8370"
"2022";"Moçambique";"18061000";"Cacau em pó, com adição de açúcar ou outros edulcorantes";"São Paulo";"8367"
"2022";"Cabo Verde";"21039021";"Condimentos e temperos, compostos, em embalagens imediatas de conteúdo inferior ou igual a 1 kg";"Paraná";"8211"
"2022";"Cabo Verde";"20059900";"Outros produtos hortícolas, preparados ou conservados, exceto em vinagre ou em ácido acético, não congelados";"São Paulo";"7134"
"2022";"Angola";"09041200";"Pimenta (do gênero Piper), triturada ou em pó";"São Paulo";"5372"
"2022";"Cabo Verde";"21039021";"Condimentos e temperos, compostos, em embalagens imediatas de conteúdo inferior ou igual a 1 kg";"São Paulo";"5078"
"2022";"Angola";"19023000";"Outras massas alimentícias";"Ceará";"5075"
"2022";"Angola";"20052000";"Batatas, preparados ou conservados, exceto em vinagre ou em ácido acético, não congelados";"São Paulo";"5027"
"2022";"Angola";"11081200";"Amido de milho";"São Paulo";"4997"
"2022";"Angola";"20052000";"Batatas, preparados ou conservados, exceto em vinagre ou em ácido acético, não congelados";"Paraná";"4313"
"2022";"Angola";"21039021";"Condimentos e temperos, compostos, em embalagens imediatas de conteúdo inferior ou igual a 1 kg";"Paraná";"3723"
"2022";"Angola";"21069029";"Pós para preparações de cremes, sorvetes, flans, gelatinas ou preparações similares";"São Paulo";"3671"
"2022";"Angola";"09062000";"Canela e flores de caneleira, trituradas ou em pó";"São Paulo";"3583"
"2022";"Cabo Verde";"12119090";"Outras plantas e partes, para perfumaria, medicina e semelhantes";"Ceará";"3568"
"2022";"Moçambique";"21069029";"Pós para preparações de cremes, sorvetes, flans, gelatinas ou preparações similares";"São Paulo";"3426"
"2022";"Angola";"20098990";"Sucos (sumo) de outras frutas, não fermentado, sem adição de açúcar";"Minas Gerais";"2642"
"2022";"Moçambique";"18050000";"Cacau em pó, sem adição de açúcar ou outros edulcorantes";"São Paulo";"2418"
"2022";"Cabo Verde";"18061000";"Cacau em pó, com adição de açúcar ou outros edulcorantes";"Bahia";"2184"
"2022";"Angola";"21023000";"Pós para levedar, preparados";"São Paulo";"2174"
"2022";"Cabo Verde";"19030000";"Tapioca e seus sucedâneos preparados a partir de féculas, em flocos, grumos, grãos, pérolas ou formas semelhantes";"São Paulo";"2100"
"2022";"Moçambique";"19019090";"Outras preparações alimentícias de farinhas, etc, cacau < 40%";"Rio de Janeiro";"1859"
"2022";"Angola";"18061000";"Cacau em pó, com adição de açúcar ou outros edulcorantes";"São Paulo";"1787"
"2022";"Cabo Verde";"21041011";"Preparações para caldos e sopas, em embalagens imediatas de conteúdo inferior ou igual a 1 kg";"Paraná";"1728"
"2022";"Cabo Verde";"18069000";"Outros chocolates e preparações alimentícias contendo cacau";"Ceará";"1689"
"2022";"Angola";"21041011";"Preparações para caldos e sopas, em embalagens imediatas de conteúdo inferior ou igual a 1 kg";"Paraná";"1679"
"2022";"Angola";"19030000";"Tapioca e seus sucedâneos preparados a partir de féculas, em flocos, grumos, grãos, pérolas ou formas semelhantes";"São Paulo";"1662"
"2022";"Angola";"19023000";"Outras massas alimentícias";"Pernambuco";"1605"
"2022";"Cabo Verde";"21069029";"Pós para preparações de cremes, sorvetes, flans, gelatinas ou preparações similares";"Bahia";"1579"
"2022";"Angola";"12079990";"Outras sementes e frutos oleaginosos, mesmo triturados";"São Paulo";"1550"
"2022";"Angola";"12119010";"Orégano (Origanum vulgare) fresco ou seco, para perfumaria, medicina, etc.";"São Paulo";"1290"
"2022";"Moçambique";"20052000";"Batatas, preparados ou conservados, exceto em vinagre ou em ácido acético, não congelados";"São Paulo";"1197"
"2022";"Angola";"09109900";"Outras especiarias";"São Paulo";"1180"
"2022";"Angola";"19041000";"Produtos à base de cereais, obtidos por expansão ou por torrefação";"Santa Catarina";"1149"
"2022";"Angola";"19041000";"Produtos à base de cereais, obtidos por expansão ou por torrefação";"Paraná";"1055"
"2022";"Angola";"18069000";"Outros chocolates e preparações alimentícias contendo cacau";"Goiás";"1053"
"2022";"Angola";"21039021";"Condimentos e temperos, compostos, em embalagens imediatas de conteúdo inferior ou igual a 1 kg";"Alagoas";"915"
"2022";"Angola";"09096110";"Sementes de anis (erva-doce), não trituradas nem em pó";"São Paulo";"852"
"2022";"Angola";"19030000";"Tapioca e seus sucedâneos preparados a partir de féculas, em flocos, grumos, grãos, pérolas ou formas semelhantes";"Paraná";"811"
"2022";"Moçambique";"17019900";"Outros açúcares de cana, beterraba, sacarose químicamente pura, sol.";"São Paulo";"809"
"2022";"Angola";"08011100";"Cocos, frescos ou secos, dessecados";"São Paulo";"779"
"2022";"Angola";"11041200";"Grãos de aveia, esmagados ou em flocos";"Minas Gerais";"648"
"2022";"Cabo Verde";"11041200";"Grãos de aveia, esmagados ou em flocos";"Paraná";"627"
"2022";"Angola";"28363000";"Hidrogenocarbonato (bicarbonato) de sódio";"São Paulo";"624"
"2022";"Cabo Verde";"19041000";"Produtos à base de cereais, obtidos por expansão ou por torrefação";"Paraná";"576"
"2022";"Cabo Verde";"17049020";"Caramelos, confeitos, dropes, pastilhas, e produtos semelhantes, sem cacau";"Bahia";"573"
"2022";"Angola";"09061100";"Canela (Cinnamomum zeylanicum blume) e flores de caneleira, não trituradas nem em pó";"São Paulo";"570"
"2022";"Moçambique";"17019100";"Outros açúcares de cana, beterraba, com aromatizante corante";"São Paulo";"558"
"2022";"Angola";"21069029";"Pós para preparações de cremes, sorvetes, flans, gelatinas ou preparações similares";"Minas Gerais";"534"
"2022";"Angola";"28363000";"Hidrogenocarbonato (bicarbonato) de sódio";"Paraná";"520"
"2022";"Angola";"09092100";"Sementes de coentro, não trituradas nem em pó";"São Paulo";"393"
"2022";"Cabo Verde";"21041011";"Preparações para caldos e sopas, em embalagens imediatas de conteúdo inferior ou igual a 1 kg";"São Paulo";"387"
"2022";"Cabo Verde";"19019090";"Outras preparações alimentícias de farinhas, etc, cacau < 40%";"São Paulo";"383"
"2022";"Cabo Verde";"19023000";"Outras massas alimentícias";"Paraná";"364"
"2022";"Cabo Verde";"21069010";"Outras preparações para elaboração de bebidas";"São Paulo";"307"
"2022";"Angola";"09041100";"Pimenta (do gênero Piper), não triturada nem em pó";"São Paulo";"301"
"2022";"Cabo Verde";"20098990";"Sucos (sumo) de outras frutas, não fermentado, sem adição de açúcar";"Paraná";"292"
"2022";"Angola";"07129090";"Outros produtos hortícolas; misturas de produtos hortícolas, secos, inclusive pedaços, fatias, etc";"São Paulo";"292"
"2022";"Angola";"19041000";"Produtos à base de cereais, obtidos por expansão ou por torrefação";"São Paulo";"274"
"2022";"Angola";"11081200";"Amido de milho";"Paraná";"264"
"2022";"Cabo Verde";"11081200";"Amido de milho";"Paraná";"253"
"2022";"Cabo Verde";"19019090";"Outras preparações alimentícias de farinhas, etc, cacau < 40%";"Paraná";"249"
"2022";"Cabo Verde";"19041000";"Produtos à base de cereais, obtidos por expansão ou por torrefação";"São Paulo";"228"
"2022";"Angola";"21069021";"Pós para a fabricação de pudins, em embalagens imediatas de conteúdo inferior ou igual a 1 kg";"Minas Gerais";"225"
"2022";"Angola";"09081100";"Noz-moscada, não triturada nem em pó";"São Paulo";"176"
"2022";"Angola";"09092100";"Sementes de coentro, não trituradas nem em pó";"Rio Grande do Sul";"175"
"2022";"Cabo Verde";"20052000";"Batatas, preparados ou conservados, exceto em vinagre ou em ácido acético, não congelados";"Paraná";"132"
"2022";"Angola";"09071000";"Cravo-da-índia (frutos, flores e pedúnculos), não triturado nem em pó";"São Paulo";"117"
"2022";"Angola";"09042200";"Pimentões e pimentas dos gêneros Capsicum ou Pimenta, triturados ou em pó";"São Paulo";"102"
"2022";"Cabo Verde";"11029000";"Farinha de outros cereais";"Paraná";"97"
"2022";"Angola";"12040090";"Outras sementes de linho (linhaça), mesmo trituradas";"São Paulo";"67"
"2022";"Cabo Verde";"20052000";"Batatas, preparados ou conservados, exceto em vinagre ou em ácido acético, não congelados";"São Paulo";"66"
"2022";"Angola";"18050000";"Cacau em pó, sem adição de açúcar ou outros edulcorantes";"São Paulo";"42"
"2022";"Cabo Verde";"11081200";"Amido de milho";"São Paulo";"39"
"2022";"Moçambique";"21039029";"Outros condimentos e temperos, compostos";"São Paulo";"37"
"2022";"Angola";"21039029";"Outros condimentos e temperos, compostos";"São Paulo";"29"
"2022";"Angola";"28363000";"Hidrogenocarbonato (bicarbonato) de sódio";"Rio de Janeiro";"27"
"2022";"Cabo Verde";"11029000";"Farinha de outros cereais";"São Paulo";"26"
"2022";"Cabo Verde";"21069010";"Outras preparações para elaboração de bebidas";"Ceará";"20"
"2022";"Moçambique";"21039021";"Condimentos e temperos, compostos, em embalagens imediatas de conteúdo inferior ou igual a 1 kg";"São Paulo";"19"
"2022";"Guiné-Bissau";"21069029";"Pós para preparações de cremes, sorvetes, flans, gelatinas ou preparações similares";"Ceará";"11"
"2022";"Angola";"21069010";"Outras preparações para elaboração de bebidas";"Rio de Janeiro";"5"
"2021";"Angola";"17019900";"Outros açúcares de cana, beterraba, sacarose químicamente pura, sol.";"São Paulo";"36231275"
"2021";"Cabo Verde";"17019900";"Outros açúcares de cana, beterraba, sacarose químicamente pura, sol.";"São Paulo";"4252154"
"2021";"Angola";"17019900";"Outros açúcares de cana, beterraba, sacarose químicamente pura, sol.";"Minas Gerais";"3258544"
"2021";"São Tomé e Príncipe";"17019900";"Outros açúcares de cana, beterraba, sacarose químicamente pura, sol.";"São Paulo";"1296390"
"2021";"Angola";"17049020";"Caramelos, confeitos, dropes, pastilhas, e produtos semelhantes, sem cacau";"Rio Grande do Sul";"949686"
"2021";"Cabo Verde";"21069010";"Outras preparações para elaboração de bebidas";"Goiás";"530416"
"2021";"Angola";"20059900";"Outros produtos hortícolas, preparados ou conservados, exceto em vinagre ou em ácido acético, não congelados";"Rio Grande do Sul";"267180"
"2021";"Moçambique";"17049020";"Caramelos, confeitos, dropes, pastilhas, e produtos semelhantes, sem cacau";"Rio Grande do Sul";"259022"
"2021";"Guiné-Bissau";"17019900";"Outros açúcares de cana, beterraba, sacarose químicamente pura, sol.";"São Paulo";"252447"
"2021";"Angola";"17049020";"Caramelos, confeitos, dropes, pastilhas, e produtos semelhantes, sem cacau";"Minas Gerais";"202980"
"2021";"Moçambique";"17049020";"Caramelos, confeitos, dropes, pastilhas, e produtos semelhantes, sem cacau";"Minas Gerais";"151858"
"2021";"Angola";"17049020";"Caramelos, confeitos, dropes, pastilhas, e produtos semelhantes, sem cacau";"São Paulo";"132759"
"2021";"Moçambique";"17019900";"Outros açúcares de cana, beterraba, sacarose químicamente pura, sol.";"Minas Gerais";"132386"
"2021";"Cabo Verde";"17049020";"Caramelos, confeitos, dropes, pastilhas, e produtos semelhantes, sem cacau";"Rio Grande do Sul";"123888"
"2021";"Cabo Verde";"17019900";"Outros açúcares de cana, beterraba, sacarose químicamente pura, sol.";"Minas Gerais";"105518"
"2021";"Guiné-Bissau";"19019090";"Outras preparações alimentícias de farinhas, etc, cacau < 40%";"Paraná";"98982"
"2021";"Angola";"17019900";"Outros açúcares de cana, beterraba, sacarose químicamente pura, sol.";"Goiás";"89285"
"2021";"Angola";"18069000";"Outros chocolates e preparações alimentícias contendo cacau";"São Paulo";"74386"
"2021";"Moçambique";"17049020";"Caramelos, confeitos, dropes, pastilhas, e produtos semelhantes, sem cacau";"São Paulo";"69783"
"2021";"Angola";"17019900";"Outros açúcares de cana, beterraba, sacarose químicamente pura, sol.";"Pernambuco";"61425"
"2021";"Cabo Verde";"17049020";"Caramelos, confeitos, dropes, pastilhas, e produtos semelhantes, sem cacau";"São Paulo";"58515"
"2021";"Angola";"21039021";"Condimentos e temperos, compostos, em embalagens imediatas de conteúdo inferior ou igual a 1 kg";"Rio Grande do Sul";"52164"
"2021";"São Tomé e Príncipe";"17049020";"Caramelos, confeitos, dropes, pastilhas, e produtos semelhantes, sem cacau";"Rio Grande do Sul";"50801"
"2021";"Cabo Verde";"20098990";"Sucos (sumo) de outras frutas, não fermentado, sem adição de açúcar";"São Paulo";"49605"
"2021";"Cabo Verde";"18069000";"Outros chocolates e preparações alimentícias contendo cacau";"São Paulo";"41059"
"2021";"Cabo Verde";"21069029";"Pós para preparações de cremes, sorvetes, flans, gelatinas ou preparações similares";"Paraná";"38458"
"2021";"Cabo Verde";"21069010";"Outras preparações para elaboração de bebidas";"Minas Gerais";"36609"
"2021";"Angola";"18069000";"Outros chocolates e preparações alimentícias contendo cacau";"Rio Grande do Sul";"35935"
"2021";"Angola";"21069029";"Pós para preparações de cremes, sorvetes, flans, gelatinas ou preparações similares";"Paraná";"34042"
"2021";"Cabo Verde";"20098990";"Sucos (sumo) de outras frutas, não fermentado, sem adição de açúcar";"Ceará";"32111"
"2021";"Angola";"21069010";"Outras preparações para elaboração de bebidas";"São Paulo";"29400"
"2021";"São Tomé e Príncipe";"18061000";"Cacau em pó, com adição de açúcar ou outros edulcorantes";"Paraná";"28900"
"2021";"Cabo Verde";"19023000";"Outras massas alimentícias";"São Paulo";"22894"
"2021";"Cabo Verde";"20098990";"Sucos (sumo) de outras frutas, não fermentado, sem adição de açúcar";"Alagoas";"18192"
"2021";"Angola";"17049020";"Caramelos, confeitos, dropes, pastilhas, e produtos semelhantes, sem cacau";"Paraná";"16475"
"2021";"Moçambique";"18069000";"Outros chocolates e preparações alimentícias contendo cacau";"São Paulo";"15017"
"2021";"Cabo Verde";"17049020";"Caramelos, confeitos, dropes, pastilhas, e produtos semelhantes, sem cacau";"Minas Gerais";"14304"
"2021";"Angola";"21039021";"Condimentos e temperos, compostos, em embalagens imediatas de conteúdo inferior ou igual a 1 kg";"São Paulo";"12412"
"2021";"Angola";"18061000";"Cacau em pó, com adição de açúcar ou outros edulcorantes";"São Paulo";"12009"
"2021";"Cabo Verde";"18069000";"Outros chocolates e preparações alimentícias contendo cacau";"Paraná";"11768"
"2021";"Cabo Verde";"21039021";"Condimentos e temperos, compostos, em embalagens imediatas de conteúdo inferior ou igual a 1 kg";"Paraná";"9048"
"2021";"Angola";"21023000";"Pós para levedar, preparados";"São Paulo";"8882"
"2021";"Cabo Verde";"21039021";"Condimentos e temperos, compostos, em embalagens imediatas de conteúdo inferior ou igual a 1 kg";"São Paulo";"8612"
"2021";"Angola";"21069010";"Outras preparações para elaboração de bebidas";"Paraná";"7252"
"2021";"Moçambique";"18069000";"Outros chocolates e preparações alimentícias contendo cacau";"Minas Gerais";"6570"
"2021";"Angola";"18069000";"Outros chocolates e preparações alimentícias contendo cacau";"Espírito Santo";"6556"
"2021";"Cabo Verde";"21041011";"Preparações para caldos e sopas, em embalagens imediatas de conteúdo inferior ou igual a 1 kg";"São Paulo";"6255"
"2021";"Moçambique";"20052000";"Batatas, preparados ou conservados, exceto em vinagre ou em ácido acético, não congelados";"São Paulo";"6193"
"2021";"Moçambique";"19041000";"Produtos à base de cereais, obtidos por expansão ou por torrefação";"São Paulo";"6140"
"2021";"Angola";"12119090";"Outras plantas e partes, para perfumaria, medicina e semelhantes";"Rio de Janeiro";"6132"
"2021";"Cabo Verde";"19023000";"Outras massas alimentícias";"Goiás";"5418"
"2021";"Moçambique";"21069029";"Pós para preparações de cremes, sorvetes, flans, gelatinas ou preparações similares";"São Paulo";"5013"
"2021";"Cabo Verde";"21069010";"Outras preparações para elaboração de bebidas";"São Paulo";"4913"
"2021";"Angola";"11041200";"Grãos de aveia, esmagados ou em flocos";"Paraná";"4374"
"2021";"Angola";"08011100";"Cocos, frescos ou secos, dessecados";"Paraíba";"3785"
"2021";"Moçambique";"18061000";"Cacau em pó, com adição de açúcar ou outros edulcorantes";"São Paulo";"3748"
"2021";"Angola";"21069029";"Pós para preparações de cremes, sorvetes, flans, gelatinas ou preparações similares";"São Paulo";"3429"
"2021";"Angola";"19023000";"Outras massas alimentícias";"São Paulo";"3394"
"2021";"Angola";"11041200";"Grãos de aveia, esmagados ou em flocos";"São Paulo";"3385"
"2021";"Angola";"19019090";"Outras preparações alimentícias de farinhas, etc, cacau < 40%";"São Paulo";"3350"
"2021";"Cabo Verde";"19041000";"Produtos à base de cereais, obtidos por expansão ou por torrefação";"São Paulo";"3335"
"2021";"Angola";"20098990";"Sucos (sumo) de outras frutas, não fermentado, sem adição de açúcar";"Paraíba";"3168"
"2021";"Angola";"12119090";"Outras plantas e partes, para perfumaria, medicina e semelhantes";"São Paulo";"3162"
"2021";"Angola";"20098990";"Sucos (sumo) de outras frutas, não fermentado, sem adição de açúcar";"São Paulo";"2934"
"2021";"Angola";"20098990";"Sucos (sumo) de outras frutas, não fermentado, sem adição de açúcar";"Minas Gerais";"2520"
"2021";"Angola";"21069029";"Pós para preparações de cremes, sorvetes, flans, gelatinas ou preparações similares";"Rio Grande do Sul";"2432"
"2021";"Angola";"11081200";"Amido de milho";"São Paulo";"2389"
"2021";"Angola";"08011100";"Cocos, frescos ou secos, dessecados";"São Paulo";"2241"
"2021";"Angola";"21021090";"Outras leveduras vivas";"Rio Grande do Sul";"2211"
"2021";"Angola";"21041011";"Preparações para caldos e sopas, em embalagens imediatas de conteúdo inferior ou igual a 1 kg";"Paraná";"2000"
"2021";"Cabo Verde";"20059900";"Outros produtos hortícolas, preparados ou conservados, exceto em vinagre ou em ácido acético, não congelados";"São Paulo";"1924"
"2021";"Cabo Verde";"18069000";"Outros chocolates e preparações alimentícias contendo cacau";"Ceará";"1834"
"2021";"Moçambique";"17019100";"Outros açúcares de cana, beterraba, com aromatizante corante";"São Paulo";"1830"
"2021";"Angola";"09041200";"Pimenta (do gênero Piper), triturada ou em pó";"São Paulo";"1708"
"2021";"Cabo Verde";"21041011";"Preparações para caldos e sopas, em embalagens imediatas de conteúdo inferior ou igual a 1 kg";"Paraná";"1440"
"2021";"Moçambique";"21069010";"Outras preparações para elaboração de bebidas";"Minas Gerais";"1410"
"2021";"Cabo Verde";"11041200";"Grãos de aveia, esmagados ou em flocos";"Paraná";"1400"
"2021";"Angola";"17049020";"Caramelos, confeitos, dropes, pastilhas, e produtos semelhantes, sem cacau";"Rio de Janeiro";"1315"
"2021";"Moçambique";"17019900";"Outros açúcares de cana, beterraba, sacarose químicamente pura, sol.";"São Paulo";"1246"
"2021";"Angola";"09109900";"Outras especiarias";"São Paulo";"1226"
"2021";"Angola";"28363000";"Hidrogenocarbonato (bicarbonato) de sódio";"Paraná";"1173"
"2021";"Angola";"20052000";"Batatas, preparados ou conservados, exceto em vinagre ou em ácido acético, não congelados";"São Paulo";"1091"
"2021";"Moçambique";"20098990";"Sucos (sumo) de outras frutas, não fermentado, sem adição de açúcar";"Minas Gerais";"1080"
"2021";"Moçambique";"18050000";"Cacau em pó, sem adição de açúcar ou outros edulcorantes";"São Paulo";"847"
"2021";"Angola";"21041011";"Preparações para caldos e sopas, em embalagens imediatas de conteúdo inferior ou igual a 1 kg";"São Paulo";"818"
"2021";"Angola";"11029000";"Farinha de outros cereais";"Paraná";"810"
"2021";"Angola";"19041000";"Produtos à base de cereais, obtidos por expansão ou por torrefação";"São Paulo";"751"
"2021";"Moçambique";"20098990";"Sucos (sumo) de outras frutas, não fermentado, sem adição de açúcar";"Ceará";"735"
"2021";"Angola";"11029000";"Farinha de outros cereais";"São Paulo";"733"
"2021";"Angola";"12079990";"Outras sementes e frutos oleaginosos, mesmo triturados";"São Paulo";"679"
"2021";"Cabo Verde";"17049020";"Caramelos, confeitos, dropes, pastilhas, e produtos semelhantes, sem cacau";"Paraná";"630"
"2021";"Angola";"18050000";"Cacau em pó, sem adição de açúcar ou outros edulcorantes";"São Paulo";"617"
"2021";"Cabo Verde";"12119090";"Outras plantas e partes, para perfumaria, medicina e semelhantes";"Ceará";"488"
"2021";"Angola";"09101200";"Gengibre, triturado ou em pó";"Rio de Janeiro";"484"
"2021";"Angola";"09062000";"Canela e flores de caneleira, trituradas ou em pó";"São Paulo";"475"
"2021";"Cabo Verde";"19019090";"Outras preparações alimentícias de farinhas, etc, cacau < 40%";"Paraná";"436"
"2021";"Angola";"12119010";"Orégano (Origanum vulgare) fresco ou seco, para perfumaria, medicina, etc.";"São Paulo";"418"
"2021";"Angola";"09096110";"Sementes de anis (erva-doce), não trituradas nem em pó";"São Paulo";"413"
"2021";"Angola";"21039029";"Outros condimentos e temperos, compostos";"Rio de Janeiro";"383"
"2021";"Angola";"09061100";"Canela (Cinnamomum zeylanicum blume) e flores de caneleira, não trituradas nem em pó";"São Paulo";"367"
"2021";"Angola";"09096120";"Sementes de badiana (anis-estrelado), não triturado nem em pó";"Rio de Janeiro";"338"
"2021";"Cabo Verde";"12119090";"Outras plantas e partes, para perfumaria, medicina e semelhantes";"Paraná";"336"
"2021";"Moçambique";"21023000";"Pós para levedar, preparados";"Minas Gerais";"247"
"2021";"Angola";"28363000";"Hidrogenocarbonato (bicarbonato) de sódio";"São Paulo";"237"
"2021";"Cabo Verde";"20052000";"Batatas, preparados ou conservados, exceto em vinagre ou em ácido acético, não congelados";"Paraná";"230"
"2021";"Cabo Verde";"11041200";"Grãos de aveia, esmagados ou em flocos";"São Paulo";"213"
"2021";"Cabo Verde";"20059900";"Outros produtos hortícolas, preparados ou conservados, exceto em vinagre ou em ácido acético, não congelados";"Minas Gerais";"203"
"2021";"Angola";"09061100";"Canela (Cinnamomum zeylanicum blume) e flores de caneleira, não trituradas nem em pó";"Rio de Janeiro";"170"
"2021";"Angola";"20059900";"Outros produtos hortícolas, preparados ou conservados, exceto em vinagre ou em ácido acético, não congelados";"São Paulo";"135"
"2021";"Cabo Verde";"12119090";"Outras plantas e partes, para perfumaria, medicina e semelhantes";"São Paulo";"124"
"2021";"Angola";"12040090";"Outras sementes de linho (linhaça), mesmo trituradas";"São Paulo";"124"
"2021";"Angola";"21039021";"Condimentos e temperos, compostos, em embalagens imediatas de conteúdo inferior ou igual a 1 kg";"Não Declarada";"72"
"2021";"Cabo Verde";"21069029";"Pós para preparações de cremes, sorvetes, flans, gelatinas ou preparações similares";"São Paulo";"65"
"2021";"Angola";"17019100";"Outros açúcares de cana, beterraba, com aromatizante corante";"São Paulo";"44"
"2021";"Angola";"09103000";"Açafrão-da-terra (curcuma)";"São Paulo";"41"
"2021";"Cabo Verde";"11041200";"Grãos de aveia, esmagados ou em flocos";"Goiás";"34"
"2021";"Angola";"12119090";"Outras plantas e partes, para perfumaria, medicina e semelhantes";"Paraná";"33"
"2021";"Angola";"21069029";"Pós para preparações de cremes, sorvetes, flans, gelatinas ou preparações similares";"Rio de Janeiro";"26"
"2021";"Angola";"12119090";"Outras plantas e partes, para perfumaria, medicina e semelhantes";"Não Declarada";"23"
"2021";"Angola";"28363000";"Hidrogenocarbonato (bicarbonato) de sódio";"Minas Gerais";"22"
"2021";"Cabo Verde";"19030000";"Tapioca e seus sucedâneos preparados a partir de féculas, em flocos, grumos, grãos, pérolas ou formas semelhantes";"Goiás";"21"
"2021";"Angola";"21069010";"Outras preparações para elaboração de bebidas";"Rio de Janeiro";"20"
"2021";"Cabo Verde";"19041000";"Produtos à base de cereais, obtidos por expansão ou por torrefação";"Goiás";"9"
"2021";"Angola";"09092100";"Sementes de coentro, não trituradas nem em pó";"Rio de Janeiro";"9"
"2021";"Angola";"19023000";"Outras massas alimentícias";"Rio de Janeiro";"6"
"2020";"Angola";"17019900";"Outros açúcares de cana, beterraba, sacarose químicamente pura, sol.";"São Paulo";"53716172"
"2020";"Angola";"17019900";"Outros açúcares de cana, beterraba, sacarose químicamente pura, sol.";"Pernambuco";"6916294"
"2020";"Cabo Verde";"17019900";"Outros açúcares de cana, beterraba, sacarose químicamente pura, sol.";"São Paulo";"3523951"
"2020";"Angola";"17019900";"Outros açúcares de cana, beterraba, sacarose químicamente pura, sol.";"Minas Gerais";"3298510"
"2020";"Angola";"17019900";"Outros açúcares de cana, beterraba, sacarose químicamente pura, sol.";"Paraná";"1591826"
"2020";"Guiné-Bissau";"17019900";"Outros açúcares de cana, beterraba, sacarose químicamente pura, sol.";"São Paulo";"1546544"
"2020";"São Tomé e Príncipe";"17019900";"Outros açúcares de cana, beterraba, sacarose químicamente pura, sol.";"São Paulo";"885386"
"2020";"Cabo Verde";"21069010";"Outras preparações para elaboração de bebidas";"Goiás";"828305"
"2020";"Angola";"17019900";"Outros açúcares de cana, beterraba, sacarose químicamente pura, sol.";"Goiás";"671677"
"2020";"Angola";"17049020";"Caramelos, confeitos, dropes, pastilhas, e produtos semelhantes, sem cacau";"Rio Grande do Sul";"588273"
"2020";"Angola";"18069000";"Outros chocolates e preparações alimentícias contendo cacau";"Paraná";"191730"
"2020";"Angola";"17049020";"Caramelos, confeitos, dropes, pastilhas, e produtos semelhantes, sem cacau";"Paraná";"170595"
"2020";"Moçambique";"17049020";"Caramelos, confeitos, dropes, pastilhas, e produtos semelhantes, sem cacau";"Rio Grande do Sul";"111580"
"2020";"Angola";"21039021";"Condimentos e temperos, compostos, em embalagens imediatas de conteúdo inferior ou igual a 1 kg";"Rio Grande do Sul";"92080"
"2020";"Angola";"17049020";"Caramelos, confeitos, dropes, pastilhas, e produtos semelhantes, sem cacau";"São Paulo";"84047"
"2020";"Angola";"17049020";"Caramelos, confeitos, dropes, pastilhas, e produtos semelhantes, sem cacau";"Minas Gerais";"74592"
"2020";"Angola";"17049020";"Caramelos, confeitos, dropes, pastilhas, e produtos semelhantes, sem cacau";"Rio Grande do Norte";"72636"
"2020";"Moçambique";"12119090";"Outras plantas e partes, para perfumaria, medicina e semelhantes";"São Paulo";"62525"
"2020";"São Tomé e Príncipe";"17049020";"Caramelos, confeitos, dropes, pastilhas, e produtos semelhantes, sem cacau";"Rio Grande do Sul";"59394"
"2020";"Moçambique";"17049020";"Caramelos, confeitos, dropes, pastilhas, e produtos semelhantes, sem cacau";"Minas Gerais";"58413"
"2020";"Cabo Verde";"21069029";"Pós para preparações de cremes, sorvetes, flans, gelatinas ou preparações similares";"Paraná";"55519"
"2020";"Cabo Verde";"21069010";"Outras preparações para elaboração de bebidas";"Minas Gerais";"46488"
"2020";"Cabo Verde";"17049020";"Caramelos, confeitos, dropes, pastilhas, e produtos semelhantes, sem cacau";"São Paulo";"43518"
"2020";"Guiné-Bissau";"19019090";"Outras preparações alimentícias de farinhas, etc, cacau < 40%";"Paraná";"39223"
"2020";"Moçambique";"17049020";"Caramelos, confeitos, dropes, pastilhas, e produtos semelhantes, sem cacau";"São Paulo";"35458"
"2020";"Moçambique";"18069000";"Outros chocolates e preparações alimentícias contendo cacau";"São Paulo";"33366"
"2020";"Cabo Verde";"20098990";"Sucos (sumo) de outras frutas, não fermentado, sem adição de açúcar";"São Paulo";"31016"
"2020";"Cabo Verde";"17049020";"Caramelos, confeitos, dropes, pastilhas, e produtos semelhantes, sem cacau";"Rio Grande do Sul";"30155"
"2020";"Angola";"08011100";"Cocos, frescos ou secos, dessecados";"Alagoas";"27026"
"2020";"Cabo Verde";"18069000";"Outros chocolates e preparações alimentícias contendo cacau";"São Paulo";"25075"
"2020";"Cabo Verde";"20098990";"Sucos (sumo) de outras frutas, não fermentado, sem adição de açúcar";"Alagoas";"22597"
"2020";"Angola";"18069000";"Outros chocolates e preparações alimentícias contendo cacau";"São Paulo";"22562"
"2020";"Angola";"20098990";"Sucos (sumo) de outras frutas, não fermentado, sem adição de açúcar";"Alagoas";"21148"
"2020";"Angola";"21023000";"Pós para levedar, preparados";"São Paulo";"19518"
"2020";"Angola";"21039021";"Condimentos e temperos, compostos, em embalagens imediatas de conteúdo inferior ou igual a 1 kg";"São Paulo";"19364"
"2020";"Cabo Verde";"19030000";"Tapioca e seus sucedâneos preparados a partir de féculas, em flocos, grumos, grãos, pérolas ou formas semelhantes";"São Paulo";"19200"
"2020";"Angola";"21069029";"Pós para preparações de cremes, sorvetes, flans, gelatinas ou preparações similares";"São Paulo";"19111"
"2020";"Cabo Verde";"19023000";"Outras massas alimentícias";"São Paulo";"18154"
"2020";"Moçambique";"19041000";"Produtos à base de cereais, obtidos por expansão ou por torrefação";"São Paulo";"17410"
"2020";"Moçambique";"21069029";"Pós para preparações de cremes, sorvetes, flans, gelatinas ou preparações similares";"São Paulo";"16793"
"2020";"Cabo Verde";"20098990";"Sucos (sumo) de outras frutas, não fermentado, sem adição de açúcar";"Ceará";"16142"
"2020";"Cabo Verde";"17019900";"Outros açúcares de cana, beterraba, sacarose químicamente pura, sol.";"Mato Grosso do Sul";"15947"
"2020";"Angola";"21069010";"Outras preparações para elaboração de bebidas";"São Paulo";"15943"
"2020";"Angola";"20098990";"Sucos (sumo) de outras frutas, não fermentado, sem adição de açúcar";"São Paulo";"15304"
"2020";"Cabo Verde";"17019900";"Outros açúcares de cana, beterraba, sacarose químicamente pura, sol.";"Mato Grosso";"15213"
"2020";"Angola";"18061000";"Cacau em pó, com adição de açúcar ou outros edulcorantes";"São Paulo";"14357"
"2020";"Cabo Verde";"18069000";"Outros chocolates e preparações alimentícias contendo cacau";"Paraná";"13851"
"2020";"Angola";"21069021";"Pós para a fabricação de pudins, em embalagens imediatas de conteúdo inferior ou igual a 1 kg";"São Paulo";"13759"
"2020";"Angola";"18069000";"Outros chocolates e preparações alimentícias contendo cacau";"Rio Grande do Sul";"11125"
"2020";"Moçambique";"19019090";"Outras preparações alimentícias de farinhas, etc, cacau < 40%";"São Paulo";"9854"
"2020";"Angola";"19041000";"Produtos à base de cereais, obtidos por expansão ou por torrefação";"São Paulo";"8477"
"2020";"Moçambique";"17019100";"Outros açúcares de cana, beterraba, com aromatizante corante";"São Paulo";"8303"
"2020";"Moçambique";"18069000";"Outros chocolates e preparações alimentícias contendo cacau";"Rio Grande do Sul";"8087"
"2020";"Cabo Verde";"19023000";"Outras massas alimentícias";"Bahia";"7486"
"2020";"Angola";"11041200";"Grãos de aveia, esmagados ou em flocos";"São Paulo";"7423"
"2020";"Moçambique";"18061000";"Cacau em pó, com adição de açúcar ou outros edulcorantes";"São Paulo";"5570"
"2020";"Cabo Verde";"21039021";"Condimentos e temperos, compostos, em embalagens imediatas de conteúdo inferior ou igual a 1 kg";"Paraná";"5472"
"2020";"Cabo Verde";"19023000";"Outras massas alimentícias";"Goiás";"5380"
"2020";"Angola";"19023000";"Outras massas alimentícias";"São Paulo";"5135"
"2020";"Moçambique";"21039021";"Condimentos e temperos, compostos, em embalagens imediatas de conteúdo inferior ou igual a 1 kg";"São Paulo";"4911"
"2020";"Moçambique";"20052000";"Batatas, preparados ou conservados, exceto em vinagre ou em ácido acético, não congelados";"São Paulo";"4852"
"2020";"Angola";"21021090";"Outras leveduras vivas";"São Paulo";"4674"
"2020";"Angola";"19019090";"Outras preparações alimentícias de farinhas, etc, cacau < 40%";"Ceará";"4536"
"2020";"Cabo Verde";"21069029";"Pós para preparações de cremes, sorvetes, flans, gelatinas ou preparações similares";"Santa Catarina";"4258"
"2020";"Cabo Verde";"21069010";"Outras preparações para elaboração de bebidas";"Santa Catarina";"4240"
"2020";"Moçambique";"19030000";"Tapioca e seus sucedâneos preparados a partir de féculas, em flocos, grumos, grãos, pérolas ou formas semelhantes";"São Paulo";"3915"
"2020";"Angola";"19041000";"Produtos à base de cereais, obtidos por expansão ou por torrefação";"Santa Catarina";"3823"
"2020";"Cabo Verde";"19023000";"Outras massas alimentícias";"Pernambuco";"3374"
"2020";"Cabo Verde";"17019100";"Outros açúcares de cana, beterraba, com aromatizante corante";"Ceará";"2707"
"2020";"Moçambique";"17019900";"Outros açúcares de cana, beterraba, sacarose químicamente pura, sol.";"São Paulo";"2647"
"2020";"Cabo Verde";"12119090";"Outras plantas e partes, para perfumaria, medicina e semelhantes";"Ceará";"2579"
"2020";"Cabo Verde";"20059900";"Outros produtos hortícolas, preparados ou conservados, exceto em vinagre ou em ácido acético, não congelados";"São Paulo";"2511"
"2020";"Angola";"19023000";"Outras massas alimentícias";"Ceará";"2359"
"2020";"Angola";"11081200";"Amido de milho";"São Paulo";"2041"
"2020";"Angola";"21041011";"Preparações para caldos e sopas, em embalagens imediatas de conteúdo inferior ou igual a 1 kg";"São Paulo";"2028"
"2020";"Angola";"21069029";"Pós para preparações de cremes, sorvetes, flans, gelatinas ou preparações similares";"Rio Grande do Sul";"1848"
"2020";"Angola";"20052000";"Batatas, preparados ou conservados, exceto em vinagre ou em ácido acético, não congelados";"São Paulo";"1683"
"2020";"Angola";"21039021";"Condimentos e temperos, compostos, em embalagens imediatas de conteúdo inferior ou igual a 1 kg";"Minas Gerais";"1639"
"2020";"Cabo Verde";"12119090";"Outras plantas e partes, para perfumaria, medicina e semelhantes";"Paraná";"1590"
"2020";"Angola";"09041200";"Pimenta (do gênero Piper), triturada ou em pó";"São Paulo";"1485"
"2020";"Cabo Verde";"21039021";"Condimentos e temperos, compostos, em embalagens imediatas de conteúdo inferior ou igual a 1 kg";"São Paulo";"1473"
"2020";"Cabo Verde";"21069029";"Pós para preparações de cremes, sorvetes, flans, gelatinas ou preparações similares";"São Paulo";"1465"
"2020";"Angola";"11029000";"Farinha de outros cereais";"São Paulo";"1386"
"2020";"Moçambique";"18050000";"Cacau em pó, sem adição de açúcar ou outros edulcorantes";"São Paulo";"1271"
"2020";"Cabo Verde";"21069021";"Pós para a fabricação de pudins, em embalagens imediatas de conteúdo inferior ou igual a 1 kg";"Santa Catarina";"1097"
"2020";"Cabo Verde";"21039021";"Condimentos e temperos, compostos, em embalagens imediatas de conteúdo inferior ou igual a 1 kg";"Santa Catarina";"1084"
"2020";"Angola";"19019090";"Outras preparações alimentícias de farinhas, etc, cacau < 40%";"São Paulo";"1016"
"2020";"Cabo Verde";"18069000";"Outros chocolates e preparações alimentícias contendo cacau";"Santa Catarina";"975"
"2020";"Angola";"08011100";"Cocos, frescos ou secos, dessecados";"São Paulo";"916"
"2020";"Cabo Verde";"21041011";"Preparações para caldos e sopas, em embalagens imediatas de conteúdo inferior ou igual a 1 kg";"Santa Catarina";"901"
"2020";"Cabo Verde";"08011100";"Cocos, frescos ou secos, dessecados";"Santa Catarina";"868"
"2020";"Cabo Verde";"09096110";"Sementes de anis (erva-doce), não trituradas nem em pó";"Paraná";"855"
"2020";"Cabo Verde";"12119090";"Outras plantas e partes, para perfumaria, medicina e semelhantes";"São Paulo";"840"
"2020";"Cabo Verde";"11041200";"Grãos de aveia, esmagados ou em flocos";"Santa Catarina";"693"
"2020";"Cabo Verde";"19023000";"Outras massas alimentícias";"Santa Catarina";"675"
"2020";"Moçambique";"19023000";"Outras massas alimentícias";"São Paulo";"613"
"2020";"Moçambique";"20098990";"Sucos (sumo) de outras frutas, não fermentado, sem adição de açúcar";"São Paulo";"608"
"2020";"Moçambique";"09096110";"Sementes de anis (erva-doce), não trituradas nem em pó";"São Paulo";"584"
"2020";"Cabo Verde";"18069000";"Outros chocolates e preparações alimentícias contendo cacau";"Ceará";"576"
"2020";"Cabo Verde";"21021090";"Outras leveduras vivas";"Santa Catarina";"527"
"2020";"Angola";"09109900";"Outras especiarias";"São Paulo";"512"
"2020";"Cabo Verde";"21041011";"Preparações para caldos e sopas, em embalagens imediatas de conteúdo inferior ou igual a 1 kg";"Paraná";"446"
"2020";"Angola";"12079990";"Outras sementes e frutos oleaginosos, mesmo triturados";"São Paulo";"446"
"2020";"Cabo Verde";"19019090";"Outras preparações alimentícias de farinhas, etc, cacau < 40%";"São Paulo";"442"
"2020";"Angola";"09062000";"Canela e flores de caneleira, trituradas ou em pó";"São Paulo";"405"
"2020";"Moçambique";"11081200";"Amido de milho";"São Paulo";"398"
"2020";"Moçambique";"11029000";"Farinha de outros cereais";"São Paulo";"396"
"2020";"Angola";"09096110";"Sementes de anis (erva-doce), não trituradas nem em pó";"São Paulo";"369"
"2020";"Angola";"21069010";"Outras preparações para elaboração de bebidas";"Espírito Santo";"356"
"2020";"Cabo Verde";"11081200";"Amido de milho";"Santa Catarina";"341"
"2020";"Angola";"12119010";"Orégano (Origanum vulgare) fresco ou seco, para perfumaria, medicina, etc.";"São Paulo";"315"
"2020";"Moçambique";"11041200";"Grãos de aveia, esmagados ou em flocos";"São Paulo";"302"
"2020";"Cabo Verde";"19041000";"Produtos à base de cereais, obtidos por expansão ou por torrefação";"Paraná";"296"
"2020";"Angola";"12119090";"Outras plantas e partes, para perfumaria, medicina e semelhantes";"Espírito Santo";"288"
"2020";"Cabo Verde";"20059900";"Outros produtos hortícolas, preparados ou conservados, exceto em vinagre ou em ácido acético, não congelados";"Goiás";"286"
"2020";"Angola";"21069029";"Pós para preparações de cremes, sorvetes, flans, gelatinas ou preparações similares";"Rio de Janeiro";"268"
"2020";"Cabo Verde";"19041000";"Produtos à base de cereais, obtidos por expansão ou por torrefação";"Pernambuco";"258"
"2020";"Angola";"19030000";"Tapioca e seus sucedâneos preparados a partir de féculas, em flocos, grumos, grãos, pérolas ou formas semelhantes";"São Paulo";"239"
"2020";"Angola";"21039021";"Condimentos e temperos, compostos, em embalagens imediatas de conteúdo inferior ou igual a 1 kg";"Santa Catarina";"237"
"2020";"Cabo Verde";"21023000";"Pós para levedar, preparados";"Santa Catarina";"233"
"2020";"Cabo Verde";"19041000";"Produtos à base de cereais, obtidos por expansão ou por torrefação";"Santa Catarina";"214"
"2020";"Cabo Verde";"21069010";"Outras preparações para elaboração de bebidas";"São Paulo";"180"
"2020";"Angola";"11029000";"Farinha de outros cereais";"Santa Catarina";"176"
"2020";"Cabo Verde";"11029000";"Farinha de outros cereais";"Santa Catarina";"175"
"2020";"Moçambique";"21069010";"Outras preparações para elaboração de bebidas";"São Paulo";"160"
"2020";"Angola";"28363000";"Hidrogenocarbonato (bicarbonato) de sódio";"São Paulo";"154"
"2020";"Angola";"12040090";"Outras sementes de linho (linhaça), mesmo trituradas";"São Paulo";"147"
"2020";"Cabo Verde";"19019090";"Outras preparações alimentícias de farinhas, etc, cacau < 40%";"Santa Catarina";"141"
"2020";"Cabo Verde";"20052000";"Batatas, preparados ou conservados, exceto em vinagre ou em ácido acético, não congelados";"São Paulo";"140"
"2020";"Moçambique";"12040090";"Outras sementes de linho (linhaça), mesmo trituradas";"São Paulo";"139"
"2020";"Cabo Verde";"08011100";"Cocos, frescos ou secos, dessecados";"Alagoas";"138"
"2020";"Cabo Verde";"11041200";"Grãos de aveia, esmagados ou em flocos";"Paraná";"138"
"2020";"Angola";"07129090";"Outros produtos hortícolas; misturas de produtos hortícolas, secos, inclusive pedaços, fatias, etc";"São Paulo";"131"
"2020";"Cabo Verde";"09096110";"Sementes de anis (erva-doce), não trituradas nem em pó";"São Paulo";"120"
"2020";"Angola";"12079990";"Outras sementes e frutos oleaginosos, mesmo triturados";"Santa Catarina";"116"
"2020";"Angola";"07129090";"Outros produtos hortícolas; misturas de produtos hortícolas, secos, inclusive pedaços, fatias, etc";"Santa Catarina";"116"
"2020";"Angola";"09042200";"Pimentões e pimentas dos gêneros Capsicum ou Pimenta, triturados ou em pó";"São Paulo";"112"
"2020";"Cabo Verde";"17019900";"Outros açúcares de cana, beterraba, sacarose químicamente pura, sol.";"Santa Catarina";"108"
"2020";"Angola";"12040090";"Outras sementes de linho (linhaça), mesmo trituradas";"Espírito Santo";"108"
"2020";"Angola";"12119090";"Outras plantas e partes, para perfumaria, medicina e semelhantes";"São Paulo";"90"
"2020";"Cabo Verde";"17049020";"Caramelos, confeitos, dropes, pastilhas, e produtos semelhantes, sem cacau";"Santa Catarina";"90"
"2020";"Angola";"09081200";"Noz-moscada, triturada ou em pó";"São Paulo";"83"
"2020";"Moçambique";"08011100";"Cocos, frescos ou secos, dessecados";"São Paulo";"78"
"2020";"Angola";"12040090";"Outras sementes de linho (linhaça), mesmo trituradas";"Santa Catarina";"72"
"2020";"Angola";"28363000";"Hidrogenocarbonato (bicarbonato) de sódio";"Paraná";"71"
"2020";"Angola";"09103000";"Açafrão-da-terra (curcuma)";"São Paulo";"66"
"2020";"Angola";"11041200";"Grãos de aveia, esmagados ou em flocos";"Paraná";"65"
"2020";"Angola";"11081200";"Amido de milho";"Paraná";"64"
"2020";"Angola";"09041200";"Pimenta (do gênero Piper), triturada ou em pó";"Santa Catarina";"62"
"2020";"Angola";"11041200";"Grãos de aveia, esmagados ou em flocos";"Santa Catarina";"52"
"2020";"Angola";"17019900";"Outros açúcares de cana, beterraba, sacarose químicamente pura, sol.";"Santa Catarina";"44"
"2020";"Angola";"09041100";"Pimenta (do gênero Piper), não triturada nem em pó";"Santa Catarina";"39"
"2020";"Angola";"21039029";"Outros condimentos e temperos, compostos";"São Paulo";"38"
"2020";"Angola";"12119090";"Outras plantas e partes, para perfumaria, medicina e semelhantes";"Paraná";"17"
"2020";"Angola";"17019100";"Outros açúcares de cana, beterraba, com aromatizante corante";"São Paulo";"15"
"2020";"Angola";"19023000";"Outras massas alimentícias";"Bahia";"13"
"2020";"Angola";"18050000";"Cacau em pó, sem adição de açúcar ou outros edulcorantes";"Santa Catarina";"9"
"2020";"Angola";"21021090";"Outras leveduras vivas";"Bahia";"8"
"2020";"Angola";"09062000";"Canela e flores de caneleira, trituradas ou em pó";"Santa Catarina";"6"
"2020";"Angola";"09101200";"Gengibre, triturado ou em pó";"Santa Catarina";"6"
"2019";"Angola";"17019900";"Outros açúcares de cana, beterraba, sacarose químicamente pura, sol.";"São Paulo";"100076543"
"2019";"Angola";"17019900";"Outros açúcares de cana, beterraba, sacarose químicamente pura, sol.";"Pernambuco";"8913208"
"2019";"Angola";"17019900";"Outros açúcares de cana, beterraba, sacarose químicamente pura, sol.";"Minas Gerais";"4377546"
"2019";"Cabo Verde";"17019900";"Outros açúcares de cana, beterraba, sacarose químicamente pura, sol.";"São Paulo";"3249492"
"2019";"Angola";"17019900";"Outros açúcares de cana, beterraba, sacarose químicamente pura, sol.";"Paraná";"1378271"
"2019";"Angola";"17019900";"Outros açúcares de cana, beterraba, sacarose químicamente pura, sol.";"Alagoas";"1319072"
"2019";"Cabo Verde";"21069010";"Outras preparações para elaboração de bebidas";"Goiás";"776979"
"2019";"Guiné-Bissau";"17019900";"Outros açúcares de cana, beterraba, sacarose químicamente pura, sol.";"São Paulo";"633956"
"2019";"São Tomé e Príncipe";"17019900";"Outros açúcares de cana, beterraba, sacarose químicamente pura, sol.";"São Paulo";"597023"
"2019";"Angola";"17049020";"Caramelos, confeitos, dropes, pastilhas, e produtos semelhantes, sem cacau";"Paraná";"462002"
"2019";"Angola";"17049020";"Caramelos, confeitos, dropes, pastilhas, e produtos semelhantes, sem cacau";"Rio Grande do Sul";"359771"
"2019";"Angola";"21041011";"Preparações para caldos e sopas, em embalagens imediatas de conteúdo inferior ou igual a 1 kg";"São Paulo";"337084"
"2019";"Guiné-Bissau";"17019900";"Outros açúcares de cana, beterraba, sacarose químicamente pura, sol.";"Sergipe";"289164"
"2019";"Moçambique";"17049020";"Caramelos, confeitos, dropes, pastilhas, e produtos semelhantes, sem cacau";"Rio Grande do Sul";"200231"
"2019";"Cabo Verde";"17019900";"Outros açúcares de cana, beterraba, sacarose químicamente pura, sol.";"Minas Gerais";"186516"
"2019";"Angola";"17049020";"Caramelos, confeitos, dropes, pastilhas, e produtos semelhantes, sem cacau";"Rio Grande do Norte";"132948"
"2019";"Cabo Verde";"17049020";"Caramelos, confeitos, dropes, pastilhas, e produtos semelhantes, sem cacau";"Rio Grande do Sul";"122519"
"2019";"Angola";"21039021";"Condimentos e temperos, compostos, em embalagens imediatas de conteúdo inferior ou igual a 1 kg";"Rio Grande do Sul";"117180"
"2019";"Angola";"18069000";"Outros chocolates e preparações alimentícias contendo cacau";"Paraná";"95478"
"2019";"São Tomé e Príncipe";"17049020";"Caramelos, confeitos, dropes, pastilhas, e produtos semelhantes, sem cacau";"Rio Grande do Sul";"91191"
"2019";"Angola";"17019900";"Outros açúcares de cana, beterraba, sacarose químicamente pura, sol.";"Rio Grande do Sul";"84700"
"2019";"Moçambique";"18069000";"Outros chocolates e preparações alimentícias contendo cacau";"São Paulo";"69780"
"2019";"Angola";"18069000";"Outros chocolates e preparações alimentícias contendo cacau";"São Paulo";"68383"
"2019";"Angola";"17049020";"Caramelos, confeitos, dropes, pastilhas, e produtos semelhantes, sem cacau";"Minas Gerais";"68306"
"2019";"Moçambique";"17049020";"Caramelos, confeitos, dropes, pastilhas, e produtos semelhantes, sem cacau";"Minas Gerais";"63080"
"2019";"Cabo Verde";"21069010";"Outras preparações para elaboração de bebidas";"Minas Gerais";"55361"
"2019";"Angola";"20098990";"Sucos (sumo) de outras frutas, não fermentado, sem adição de açúcar";"São Paulo";"54128"
"2019";"Cabo Verde";"20098990";"Sucos (sumo) de outras frutas, não fermentado, sem adição de açúcar";"São Paulo";"50282"
"2019";"Angola";"21069029";"Pós para preparações de cremes, sorvetes, flans, gelatinas ou preparações similares";"Paraná";"44241"
"2019";"Angola";"21039021";"Condimentos e temperos, compostos, em embalagens imediatas de conteúdo inferior ou igual a 1 kg";"São Paulo";"43826"
"2019";"Angola";"17049020";"Caramelos, confeitos, dropes, pastilhas, e produtos semelhantes, sem cacau";"São Paulo";"41895"
"2019";"Cabo Verde";"17049020";"Caramelos, confeitos, dropes, pastilhas, e produtos semelhantes, sem cacau";"São Paulo";"41030"
"2019";"Cabo Verde";"21069029";"Pós para preparações de cremes, sorvetes, flans, gelatinas ou preparações similares";"Minas Gerais";"39858"
"2019";"Angola";"18069000";"Outros chocolates e preparações alimentícias contendo cacau";"Minas Gerais";"38495"
"2019";"Cabo Verde";"21069029";"Pós para preparações de cremes, sorvetes, flans, gelatinas ou preparações similares";"Paraná";"37028"
"2019";"Angola";"21069010";"Outras preparações para elaboração de bebidas";"São Paulo";"28410"
"2019";"Cabo Verde";"18069000";"Outros chocolates e preparações alimentícias contendo cacau";"São Paulo";"27745"
"2019";"Moçambique";"17049020";"Caramelos, confeitos, dropes, pastilhas, e produtos semelhantes, sem cacau";"São Paulo";"26695"
"2019";"Moçambique";"12119090";"Outras plantas e partes, para perfumaria, medicina e semelhantes";"São Paulo";"25833"
"2019";"Angola";"21069029";"Pós para preparações de cremes, sorvetes, flans, gelatinas ou preparações similares";"São Paulo";"22303"
"2019";"Cabo Verde";"19023000";"Outras massas alimentícias";"São Paulo";"21043"
"2019";"São Tomé e Príncipe";"17019900";"Outros açúcares de cana, beterraba, sacarose químicamente pura, sol.";"Rio Grande do Sul";"19762"
"2019";"Angola";"18061000";"Cacau em pó, com adição de açúcar ou outros edulcorantes";"São Paulo";"19365"
"2019";"Angola";"12119090";"Outras plantas e partes, para perfumaria, medicina e semelhantes";"São Paulo";"16839"
"2019";"Cabo Verde";"17049020";"Caramelos, confeitos, dropes, pastilhas, e produtos semelhantes, sem cacau";"Minas Gerais";"16710"
"2019";"Cabo Verde";"20098990";"Sucos (sumo) de outras frutas, não fermentado, sem adição de açúcar";"Ceará";"14487"
"2019";"Angola";"19030000";"Tapioca e seus sucedâneos preparados a partir de féculas, em flocos, grumos, grãos, pérolas ou formas semelhantes";"São Paulo";"11966"
"2019";"Moçambique";"20098990";"Sucos (sumo) de outras frutas, não fermentado, sem adição de açúcar";"São Paulo";"11938"
"2019";"Moçambique";"21069029";"Pós para preparações de cremes, sorvetes, flans, gelatinas ou preparações similares";"São Paulo";"10774"
"2019";"Angola";"21069010";"Outras preparações para elaboração de bebidas";"Paraná";"10560"
"2019";"São Tomé e Príncipe";"20059900";"Outros produtos hortícolas, preparados ou conservados, exceto em vinagre ou em ácido acético, não congelados";"Rio Grande do Sul";"9910"
"2019";"Cabo Verde";"21039021";"Condimentos e temperos, compostos, em embalagens imediatas de conteúdo inferior ou igual a 1 kg";"Minas Gerais";"9762"
"2019";"Moçambique";"19041000";"Produtos à base de cereais, obtidos por expansão ou por torrefação";"São Paulo";"9350"
"2019";"Moçambique";"19019090";"Outras preparações alimentícias de farinhas, etc, cacau < 40%";"São Paulo";"9275"
"2019";"Cabo Verde";"20098990";"Sucos (sumo) de outras frutas, não fermentado, sem adição de açúcar";"Alagoas";"8757"
"2019";"Cabo Verde";"19023000";"Outras massas alimentícias";"Goiás";"7832"
"2019";"Angola";"20098990";"Sucos (sumo) de outras frutas, não fermentado, sem adição de açúcar";"Alagoas";"7450"
"2019";"Moçambique";"20052000";"Batatas, preparados ou conservados, exceto em vinagre ou em ácido acético, não congelados";"São Paulo";"6423"
"2019";"Angola";"18069000";"Outros chocolates e preparações alimentícias contendo cacau";"Rio Grande do Sul";"6040"
"2019";"Moçambique";"17019100";"Outros açúcares de cana, beterraba, com aromatizante corante";"São Paulo";"5782"
"2019";"Cabo Verde";"21039021";"Condimentos e temperos, compostos, em embalagens imediatas de conteúdo inferior ou igual a 1 kg";"São Paulo";"5747"
"2019";"Moçambique";"18069000";"Outros chocolates e preparações alimentícias contendo cacau";"Rio Grande do Sul";"5577"
"2019";"Angola";"21023000";"Pós para levedar, preparados";"São Paulo";"5395"
"2019";"Angola";"19023000";"Outras massas alimentícias";"São Paulo";"5214"
"2019";"Angola";"21069021";"Pós para a fabricação de pudins, em embalagens imediatas de conteúdo inferior ou igual a 1 kg";"São Paulo";"4597"
"2019";"Angola";"21039021";"Condimentos e temperos, compostos, em embalagens imediatas de conteúdo inferior ou igual a 1 kg";"Minas Gerais";"4518"
"2019";"Moçambique";"18061000";"Cacau em pó, com adição de açúcar ou outros edulcorantes";"São Paulo";"4434"
"2019";"Angola";"11081200";"Amido de milho";"São Paulo";"4184"
"2019";"Moçambique";"21039021";"Condimentos e temperos, compostos, em embalagens imediatas de conteúdo inferior ou igual a 1 kg";"São Paulo";"4143"
"2019";"Cabo Verde";"18069000";"Outros chocolates e preparações alimentícias contendo cacau";"Rio Grande do Sul";"4117"
"2019";"Moçambique";"18069000";"Outros chocolates e preparações alimentícias contendo cacau";"Paraná";"3682"
"2019";"Cabo Verde";"19041000";"Produtos à base de cereais, obtidos por expansão ou por torrefação";"Minas Gerais";"3588"
"2019";"Cabo Verde";"21039021";"Condimentos e temperos, compostos, em embalagens imediatas de conteúdo inferior ou igual a 1 kg";"Paraná";"3460"
"2019";"Angola";"08011100";"Cocos, frescos ou secos, dessecados";"Alagoas";"3383"
"2019";"Angola";"20052000";"Batatas, preparados ou conservados, exceto em vinagre ou em ácido acético, não congelados";"São Paulo";"2888"
"2019";"Cabo Verde";"08011100";"Cocos, frescos ou secos, dessecados";"Alagoas";"2826"
"2019";"Angola";"20059900";"Outros produtos hortícolas, preparados ou conservados, exceto em vinagre ou em ácido acético, não congelados";"Goiás";"2514"
"2019";"Cabo Verde";"21069029";"Pós para preparações de cremes, sorvetes, flans, gelatinas ou preparações similares";"São Paulo";"2507"
"2019";"Angola";"19023000";"Outras massas alimentícias";"Bahia";"2379"
"2019";"Angola";"08011100";"Cocos, frescos ou secos, dessecados";"São Paulo";"2269"
"2019";"Angola";"19019090";"Outras preparações alimentícias de farinhas, etc, cacau < 40%";"São Paulo";"2000"
"2019";"Moçambique";"19030000";"Tapioca e seus sucedâneos preparados a partir de féculas, em flocos, grumos, grãos, pérolas ou formas semelhantes";"São Paulo";"1930"
"2019";"Cabo Verde";"12119090";"Outras plantas e partes, para perfumaria, medicina e semelhantes";"Minas Gerais";"1910"
"2019";"Angola";"19041000";"Produtos à base de cereais, obtidos por expansão ou por torrefação";"São Paulo";"1808"
"2019";"Moçambique";"17019900";"Outros açúcares de cana, beterraba, sacarose químicamente pura, sol.";"São Paulo";"1778"
"2019";"Angola";"21069029";"Pós para preparações de cremes, sorvetes, flans, gelatinas ou preparações similares";"Minas Gerais";"1748"
"2019";"Cabo Verde";"12119090";"Outras plantas e partes, para perfumaria, medicina e semelhantes";"Ceará";"1564"
"2019";"Moçambique";"18050000";"Cacau em pó, sem adição de açúcar ou outros edulcorantes";"São Paulo";"1451"
"2019";"Guiné-Bissau";"21069029";"Pós para preparações de cremes, sorvetes, flans, gelatinas ou preparações similares";"Minas Gerais";"1364"
"2019";"Angola";"21039021";"Condimentos e temperos, compostos, em embalagens imediatas de conteúdo inferior ou igual a 1 kg";"Alagoas";"1339"
"2019";"Cabo Verde";"18069000";"Outros chocolates e preparações alimentícias contendo cacau";"Minas Gerais";"1186"
"2019";"Cabo Verde";"21069029";"Pós para preparações de cremes, sorvetes, flans, gelatinas ou preparações similares";"Ceará";"1182"
"2019";"Angola";"17019100";"Outros açúcares de cana, beterraba, com aromatizante corante";"São Paulo";"1146"
"2019";"Cabo Verde";"19023000";"Outras massas alimentícias";"Bahia";"1116"
"2019";"Angola";"09092100";"Sementes de coentro, não trituradas nem em pó";"Rio Grande do Sul";"1104"
"2019";"Angola";"19019090";"Outras preparações alimentícias de farinhas, etc, cacau < 40%";"Santa Catarina";"1073"
"2019";"Angola";"28363000";"Hidrogenocarbonato (bicarbonato) de sódio";"Paraná";"1026"
"2019";"Cabo Verde";"20052000";"Batatas, preparados ou conservados, exceto em vinagre ou em ácido acético, não congelados";"Minas Gerais";"888"
"2019";"Cabo Verde";"20059900";"Outros produtos hortícolas, preparados ou conservados, exceto em vinagre ou em ácido acético, não congelados";"São Paulo";"786"
"2019";"Cabo Verde";"09096110";"Sementes de anis (erva-doce), não trituradas nem em pó";"Minas Gerais";"775"
"2019";"Cabo Verde";"12119090";"Outras plantas e partes, para perfumaria, medicina e semelhantes";"Paraná";"593"
"2019";"Angola";"12079990";"Outras sementes e frutos oleaginosos, mesmo triturados";"Santa Catarina";"516"
"2019";"Angola";"20098990";"Sucos (sumo) de outras frutas, não fermentado, sem adição de açúcar";"Bahia";"496"
"2019";"Angola";"12079990";"Outras sementes e frutos oleaginosos, mesmo triturados";"São Paulo";"471"
"2019";"Cabo Verde";"21041011";"Preparações para caldos e sopas, em embalagens imediatas de conteúdo inferior ou igual a 1 kg";"Minas Gerais";"439"
"2019";"Cabo Verde";"19030000";"Tapioca e seus sucedâneos preparados a partir de féculas, em flocos, grumos, grãos, pérolas ou formas semelhantes";"Goiás";"437"
"2019";"Angola";"12079990";"Outras sementes e frutos oleaginosos, mesmo triturados";"Paraná";"423"
"2019";"Angola";"28363000";"Hidrogenocarbonato (bicarbonato) de sódio";"Santa Catarina";"419"
"2019";"Moçambique";"19023000";"Outras massas alimentícias";"São Paulo";"387"
"2019";"Cabo Verde";"09096110";"Sementes de anis (erva-doce), não trituradas nem em pó";"Paraná";"369"
"2019";"Cabo Verde";"20052000";"Batatas, preparados ou conservados, exceto em vinagre ou em ácido acético, não congelados";"Paraná";"324"
"2019";"Angola";"21023000";"Pós para levedar, preparados";"Paraná";"286"
"2019";"Angola";"20059900";"Outros produtos hortícolas, preparados ou conservados, exceto em vinagre ou em ácido acético, não congelados";"São Paulo";"284"
"2019";"Cabo Verde";"21021090";"Outras leveduras vivas";"Ceará";"263"
"2019";"Moçambique";"09096110";"Sementes de anis (erva-doce), não trituradas nem em pó";"São Paulo";"210"
"2019";"Cabo Verde";"21069010";"Outras preparações para elaboração de bebidas";"São Paulo";"180"
"2019";"Angola";"21041019";"Outras preparações para caldos e sopas";"São Paulo";"179"
"2019";"Angola";"19041000";"Produtos à base de cereais, obtidos por expansão ou por torrefação";"Santa Catarina";"160"
"2019";"Angola";"21021090";"Outras leveduras vivas";"São Paulo";"158"
"2019";"Angola";"18069000";"Outros chocolates e preparações alimentícias contendo cacau";"Santa Catarina";"104"
"2019";"Angola";"17019900";"Outros açúcares de cana, beterraba, sacarose químicamente pura, sol.";"Bahia";"103"
"2019";"Angola";"21039021";"Condimentos e temperos, compostos, em embalagens imediatas de conteúdo inferior ou igual a 1 kg";"Santa Catarina";"85"
"2019";"Angola";"18069000";"Outros chocolates e preparações alimentícias contendo cacau";"Bahia";"84"
"2019";"Angola";"11041200";"Grãos de aveia, esmagados ou em flocos";"São Paulo";"77"
"2019";"Angola";"18050000";"Cacau em pó, sem adição de açúcar ou outros edulcorantes";"São Paulo";"73"
"2019";"Angola";"18050000";"Cacau em pó, sem adição de açúcar ou outros edulcorantes";"Paraná";"71"
"2019";"Angola";"21039029";"Outros condimentos e temperos, compostos";"São Paulo";"69"
"2019";"Angola";"09109900";"Outras especiarias";"Bahia";"65"
"2019";"Angola";"11041200";"Grãos de aveia, esmagados ou em flocos";"Paraná";"43"
"2019";"Angola";"08011100";"Cocos, frescos ou secos, dessecados";"Bahia";"39"
"2019";"Angola";"11041200";"Grãos de aveia, esmagados ou em flocos";"Santa Catarina";"38"
"2019";"Angola";"20052000";"Batatas, preparados ou conservados, exceto em vinagre ou em ácido acético, não congelados";"Bahia";"38"
"2019";"Moçambique";"11029000";"Farinha de outros cereais";"São Paulo";"36"
"2019";"Angola";"11041200";"Grãos de aveia, esmagados ou em flocos";"Bahia";"30"
"2019";"Angola";"19041000";"Produtos à base de cereais, obtidos por expansão ou por torrefação";"Bahia";"27"
"2019";"Angola";"11081200";"Amido de milho";"Bahia";"22"
"2019";"Cabo Verde";"21039021";"Condimentos e temperos, compostos, em embalagens imediatas de conteúdo inferior ou igual a 1 kg";"Alagoas";"21"
"2019";"Angola";"18061000";"Cacau em pó, com adição de açúcar ou outros edulcorantes";"Bahia";"18"
"2019";"Angola";"12040090";"Outras sementes de linho (linhaça), mesmo trituradas";"Paraná";"18"
"2019";"Angola";"11029000";"Farinha de outros cereais";"São Paulo";"16"
"2019";"Angola";"21041011";"Preparações para caldos e sopas, em embalagens imediatas de conteúdo inferior ou igual a 1 kg";"Bahia";"12"
"2019";"Angola";"11029000";"Farinha de outros cereais";"Bahia";"12"
"2019";"Angola";"21069029";"Pós para preparações de cremes, sorvetes, flans, gelatinas ou preparações similares";"Bahia";"9"
"2019";"Angola";"12040090";"Outras sementes de linho (linhaça), mesmo trituradas";"Santa Catarina";"6"
"2019";"Angola";"21021090";"Outras leveduras vivas";"Bahia";"5"
"2019";"Angola";"21039021";"Condimentos e temperos, compostos, em embalagens imediatas de conteúdo inferior ou igual a 1 kg";"Bahia";"5"
"2019";"Angola";"21023000";"Pós para levedar, preparados";"Bahia";"4"
"2018";"Angola";"17019900";"Outros açúcares de cana, beterraba, sacarose químicamente pura, sol.";"São Paulo";"88603079"
"2018";"Cabo Verde";"17019900";"Outros açúcares de cana, beterraba, sacarose químicamente pura, sol.";"São Paulo";"2955320"
"2018";"Angola";"17019900";"Outros açúcares de cana, beterraba, sacarose químicamente pura, sol.";"Minas Gerais";"2917948"
"2018";"Angola";"17019900";"Outros açúcares de cana, beterraba, sacarose químicamente pura, sol.";"Paraná";"995910"
"2018";"Cabo Verde";"21069010";"Outras preparações para elaboração de bebidas";"Goiás";"905523"
"2018";"Angola";"17049020";"Caramelos, confeitos, dropes, pastilhas, e produtos semelhantes, sem cacau";"Rio Grande do Sul";"734168"
"2018";"Angola";"21041011";"Preparações para caldos e sopas, em embalagens imediatas de conteúdo inferior ou igual a 1 kg";"São Paulo";"716953"
"2018";"Angola";"20059900";"Outros produtos hortícolas, preparados ou conservados, exceto em vinagre ou em ácido acético, não congelados";"Rio Grande do Sul";"686678"
"2018";"Angola";"17049020";"Caramelos, confeitos, dropes, pastilhas, e produtos semelhantes, sem cacau";"Paraná";"549347"
"2018";"Guiné-Bissau";"17019900";"Outros açúcares de cana, beterraba, sacarose químicamente pura, sol.";"Paraná";"535777"
"2018";"Guiné-Bissau";"17019900";"Outros açúcares de cana, beterraba, sacarose químicamente pura, sol.";"São Paulo";"375629"
"2018";"São Tomé e Príncipe";"17019900";"Outros açúcares de cana, beterraba, sacarose químicamente pura, sol.";"São Paulo";"283153"
"2018";"Angola";"17019900";"Outros açúcares de cana, beterraba, sacarose químicamente pura, sol.";"Não Declarada";"235347"
"2018";"Angola";"17049020";"Caramelos, confeitos, dropes, pastilhas, e produtos semelhantes, sem cacau";"Minas Gerais";"194613"
"2018";"Angola";"18069000";"Outros chocolates e preparações alimentícias contendo cacau";"São Paulo";"147143"
"2018";"Angola";"21039021";"Condimentos e temperos, compostos, em embalagens imediatas de conteúdo inferior ou igual a 1 kg";"São Paulo";"91840"
"2018";"Angola";"17049020";"Caramelos, confeitos, dropes, pastilhas, e produtos semelhantes, sem cacau";"São Paulo";"81907"
"2018";"Angola";"17019900";"Outros açúcares de cana, beterraba, sacarose químicamente pura, sol.";"Alagoas";"78357"
"2018";"Cabo Verde";"17049020";"Caramelos, confeitos, dropes, pastilhas, e produtos semelhantes, sem cacau";"Rio Grande do Sul";"66312"
"2018";"Angola";"21021090";"Outras leveduras vivas";"São Paulo";"56679"
"2018";"Angola";"20098990";"Sucos (sumo) de outras frutas, não fermentado, sem adição de açúcar";"São Paulo";"48643"
"2018";"Angola";"17049020";"Caramelos, confeitos, dropes, pastilhas, e produtos semelhantes, sem cacau";"Rio Grande do Norte";"47040"
"2018";"Cabo Verde";"20098990";"Sucos (sumo) de outras frutas, não fermentado, sem adição de açúcar";"São Paulo";"46264"
"2018";"Cabo Verde";"17049020";"Caramelos, confeitos, dropes, pastilhas, e produtos semelhantes, sem cacau";"São Paulo";"45898"
"2018";"Angola";"21069029";"Pós para preparações de cremes, sorvetes, flans, gelatinas ou preparações similares";"Paraná";"45248"
"2018";"Angola";"20098990";"Sucos (sumo) de outras frutas, não fermentado, sem adição de açúcar";"Ceará";"44289"
"2018";"Angola";"21039021";"Condimentos e temperos, compostos, em embalagens imediatas de conteúdo inferior ou igual a 1 kg";"Rio Grande do Sul";"39060"
"2018";"Angola";"21069029";"Pós para preparações de cremes, sorvetes, flans, gelatinas ou preparações similares";"São Paulo";"38533"
"2018";"Angola";"21023000";"Pós para levedar, preparados";"São Paulo";"35136"
"2018";"Cabo Verde";"19019090";"Outras preparações alimentícias de farinhas, etc, cacau < 40%";"Minas Gerais";"33730"
"2018";"Angola";"19030000";"Tapioca e seus sucedâneos preparados a partir de féculas, em flocos, grumos, grãos, pérolas ou formas semelhantes";"São Paulo";"32928"
"2018";"Moçambique";"12119090";"Outras plantas e partes, para perfumaria, medicina e semelhantes";"São Paulo";"31050"
"2018";"Cabo Verde";"19023000";"Outras massas alimentícias";"São Paulo";"29704"
"2018";"Moçambique";"17049020";"Caramelos, confeitos, dropes, pastilhas, e produtos semelhantes, sem cacau";"Rio Grande do Sul";"27845"
"2018";"Cabo Verde";"18069000";"Outros chocolates e preparações alimentícias contendo cacau";"São Paulo";"25693"
"2018";"Cabo Verde";"20098990";"Sucos (sumo) de outras frutas, não fermentado, sem adição de açúcar";"Ceará";"25356"
"2018";"Angola";"18069000";"Outros chocolates e preparações alimentícias contendo cacau";"Rio Grande do Sul";"25266"
"2018";"Cabo Verde";"17019900";"Outros açúcares de cana, beterraba, sacarose químicamente pura, sol.";"Minas Gerais";"23499"
"2018";"Angola";"19041000";"Produtos à base de cereais, obtidos por expansão ou por torrefação";"Goiás";"22800"
"2018";"Angola";"21039021";"Condimentos e temperos, compostos, em embalagens imediatas de conteúdo inferior ou igual a 1 kg";"Minas Gerais";"22644"
"2018";"São Tomé e Príncipe";"21069010";"Outras preparações para elaboração de bebidas";"São Paulo";"22179"
"2018";"Angola";"20098990";"Sucos (sumo) de outras frutas, não fermentado, sem adição de açúcar";"Alagoas";"21706"
"2018";"Cabo Verde";"21069029";"Pós para preparações de cremes, sorvetes, flans, gelatinas ou preparações similares";"Minas Gerais";"20638"
"2018";"Angola";"18069000";"Outros chocolates e preparações alimentícias contendo cacau";"Espírito Santo";"20356"
"2018";"Angola";"21069010";"Outras preparações para elaboração de bebidas";"Paraná";"20000"
"2018";"Cabo Verde";"17019900";"Outros açúcares de cana, beterraba, sacarose químicamente pura, sol.";"Pernambuco";"15297"
"2018";"Angola";"18069000";"Outros chocolates e preparações alimentícias contendo cacau";"Minas Gerais";"13275"
"2018";"Angola";"21069010";"Outras preparações para elaboração de bebidas";"São Paulo";"13070"
"2018";"Angola";"19019090";"Outras preparações alimentícias de farinhas, etc, cacau < 40%";"São Paulo";"12005"
"2018";"Angola";"18061000";"Cacau em pó, com adição de açúcar ou outros edulcorantes";"São Paulo";"11684"
"2018";"Angola";"19019090";"Outras preparações alimentícias de farinhas, etc, cacau < 40%";"Minas Gerais";"10787"
"2018";"São Tomé e Príncipe";"17049020";"Caramelos, confeitos, dropes, pastilhas, e produtos semelhantes, sem cacau";"São Paulo";"10454"
"2018";"Cabo Verde";"19041000";"Produtos à base de cereais, obtidos por expansão ou por torrefação";"Goiás";"10315"
"2018";"Cabo Verde";"17049020";"Caramelos, confeitos, dropes, pastilhas, e produtos semelhantes, sem cacau";"Paraná";"9249"
"2018";"Moçambique";"21069029";"Pós para preparações de cremes, sorvetes, flans, gelatinas ou preparações similares";"São Paulo";"9196"
"2018";"Angola";"20052000";"Batatas, preparados ou conservados, exceto em vinagre ou em ácido acético, não congelados";"Minas Gerais";"9169"
"2018";"Moçambique";"21039021";"Condimentos e temperos, compostos, em embalagens imediatas de conteúdo inferior ou igual a 1 kg";"São Paulo";"8815"
"2018";"São Tomé e Príncipe";"17049020";"Caramelos, confeitos, dropes, pastilhas, e produtos semelhantes, sem cacau";"Rio Grande do Sul";"7624"
"2018";"Angola";"21069021";"Pós para a fabricação de pudins, em embalagens imediatas de conteúdo inferior ou igual a 1 kg";"São Paulo";"7416"
"2018";"Cabo Verde";"21069010";"Outras preparações para elaboração de bebidas";"Minas Gerais";"7128"
"2018";"Angola";"21041011";"Preparações para caldos e sopas, em embalagens imediatas de conteúdo inferior ou igual a 1 kg";"Minas Gerais";"6133"
"2018";"Moçambique";"18069000";"Outros chocolates e preparações alimentícias contendo cacau";"São Paulo";"6050"
"2018";"Cabo Verde";"20098990";"Sucos (sumo) de outras frutas, não fermentado, sem adição de açúcar";"Alagoas";"5912"
"2018";"Cabo Verde";"19023000";"Outras massas alimentícias";"Goiás";"5816"
"2018";"Angola";"19023000";"Outras massas alimentícias";"São Paulo";"5514"
"2018";"Cabo Verde";"21069029";"Pós para preparações de cremes, sorvetes, flans, gelatinas ou preparações similares";"São Paulo";"5061"
"2018";"Cabo Verde";"21041011";"Preparações para caldos e sopas, em embalagens imediatas de conteúdo inferior ou igual a 1 kg";"Minas Gerais";"4696"
"2018";"Angola";"12119090";"Outras plantas e partes, para perfumaria, medicina e semelhantes";"São Paulo";"4266"
"2018";"Cabo Verde";"21039021";"Condimentos e temperos, compostos, em embalagens imediatas de conteúdo inferior ou igual a 1 kg";"Minas Gerais";"4157"
"2018";"Moçambique";"19019090";"Outras preparações alimentícias de farinhas, etc, cacau < 40%";"São Paulo";"4005"
"2018";"Angola";"12119090";"Outras plantas e partes, para perfumaria, medicina e semelhantes";"Minas Gerais";"3839"
"2018";"Angola";"11081200";"Amido de milho";"São Paulo";"3758"
"2018";"Moçambique";"19030000";"Tapioca e seus sucedâneos preparados a partir de féculas, em flocos, grumos, grãos, pérolas ou formas semelhantes";"São Paulo";"3230"
"2018";"Moçambique";"21069010";"Outras preparações para elaboração de bebidas";"São Paulo";"2946"
"2018";"Angola";"08011100";"Cocos, frescos ou secos, dessecados";"Alagoas";"2904"
"2018";"Angola";"28363000";"Hidrogenocarbonato (bicarbonato) de sódio";"São Paulo";"2898"
"2018";"Angola";"19041000";"Produtos à base de cereais, obtidos por expansão ou por torrefação";"São Paulo";"2754"
"2018";"Angola";"28363000";"Hidrogenocarbonato (bicarbonato) de sódio";"Paraná";"2538"
"2018";"Moçambique";"20052000";"Batatas, preparados ou conservados, exceto em vinagre ou em ácido acético, não congelados";"São Paulo";"2262"
"2018";"Angola";"08011100";"Cocos, frescos ou secos, dessecados";"São Paulo";"2034"
"2018";"Angola";"19023000";"Outras massas alimentícias";"Bahia";"1844"
"2018";"Angola";"21069029";"Pós para preparações de cremes, sorvetes, flans, gelatinas ou preparações similares";"Minas Gerais";"1672"
"2018";"Angola";"12079990";"Outras sementes e frutos oleaginosos, mesmo triturados";"São Paulo";"1524"
"2018";"Cabo Verde";"21069010";"Outras preparações para elaboração de bebidas";"São Paulo";"1216"
"2018";"Cabo Verde";"19041000";"Produtos à base de cereais, obtidos por expansão ou por torrefação";"Minas Gerais";"1211"
"2018";"Moçambique";"28363000";"Hidrogenocarbonato (bicarbonato) de sódio";"Rio de Janeiro";"1196"
"2018";"Angola";"19023000";"Outras massas alimentícias";"Paraná";"1172"
"2018";"Angola";"21069010";"Outras preparações para elaboração de bebidas";"Santa Catarina";"1110"
"2018";"Cabo Verde";"21039021";"Condimentos e temperos, compostos, em embalagens imediatas de conteúdo inferior ou igual a 1 kg";"São Paulo";"1110"
"2018";"Cabo Verde";"12119090";"Outras plantas e partes, para perfumaria, medicina e semelhantes";"Minas Gerais";"994"
"2018";"Angola";"11029000";"Farinha de outros cereais";"Rio Grande do Sul";"974"
"2018";"Angola";"09092100";"Sementes de coentro, não trituradas nem em pó";"Rio Grande do Sul";"932"
"2018";"Cabo Verde";"18069000";"Outros chocolates e preparações alimentícias contendo cacau";"Minas Gerais";"733"
"2018";"Angola";"11041200";"Grãos de aveia, esmagados ou em flocos";"Rio Grande do Sul";"693"
"2018";"Cabo Verde";"08011100";"Cocos, frescos ou secos, dessecados";"Alagoas";"690"
"2018";"Angola";"12040090";"Outras sementes de linho (linhaça), mesmo trituradas";"Rio Grande do Sul";"577"
"2018";"Angola";"19030000";"Tapioca e seus sucedâneos preparados a partir de féculas, em flocos, grumos, grãos, pérolas ou formas semelhantes";"Minas Gerais";"537"
"2018";"Cabo Verde";"21039021";"Condimentos e temperos, compostos, em embalagens imediatas de conteúdo inferior ou igual a 1 kg";"Paraná";"517"
"2018";"Angola";"20059900";"Outros produtos hortícolas, preparados ou conservados, exceto em vinagre ou em ácido acético, não congelados";"Goiás";"500"
"2018";"Angola";"20052000";"Batatas, preparados ou conservados, exceto em vinagre ou em ácido acético, não congelados";"Paraná";"488"
"2018";"Angola";"21041011";"Preparações para caldos e sopas, em embalagens imediatas de conteúdo inferior ou igual a 1 kg";"Paraná";"435"
"2018";"Cabo Verde";"11041200";"Grãos de aveia, esmagados ou em flocos";"Paraná";"414"
"2018";"Cabo Verde";"09096110";"Sementes de anis (erva-doce), não trituradas nem em pó";"Minas Gerais";"406"
"2018";"Cabo Verde";"20052000";"Batatas, preparados ou conservados, exceto em vinagre ou em ácido acético, não congelados";"Minas Gerais";"376"
"2018";"Moçambique";"19023000";"Outras massas alimentícias";"São Paulo";"375"
"2018";"Cabo Verde";"21039021";"Condimentos e temperos, compostos, em embalagens imediatas de conteúdo inferior ou igual a 1 kg";"Alagoas";"366"
"2018";"Cabo Verde";"18069000";"Outros chocolates e preparações alimentícias contendo cacau";"Paraná";"340"
"2018";"São Tomé e Príncipe";"18069000";"Outros chocolates e preparações alimentícias contendo cacau";"São Paulo";"239"
"2018";"Angola";"19019090";"Outras preparações alimentícias de farinhas, etc, cacau < 40%";"Paraná";"213"
"2018";"Moçambique";"21041011";"Preparações para caldos e sopas, em embalagens imediatas de conteúdo inferior ou igual a 1 kg";"São Paulo";"180"
"2018";"Angola";"12040090";"Outras sementes de linho (linhaça), mesmo trituradas";"São Paulo";"170"
"2018";"Cabo Verde";"21069021";"Pós para a fabricação de pudins, em embalagens imediatas de conteúdo inferior ou igual a 1 kg";"São Paulo";"103"
"2018";"Angola";"19041000";"Produtos à base de cereais, obtidos por expansão ou por torrefação";"Santa Catarina";"94"
"2018";"Moçambique";"09096110";"Sementes de anis (erva-doce), não trituradas nem em pó";"São Paulo";"90"
"2018";"Cabo Verde";"11081200";"Amido de milho";"São Paulo";"68"
"2018";"Cabo Verde";"21039029";"Outros condimentos e temperos, compostos";"São Paulo";"49"
"2018";"Angola";"20098990";"Sucos (sumo) de outras frutas, não fermentado, sem adição de açúcar";"Bahia";"18"
"2018";"Angola";"09109900";"Outras especiarias";"Bahia";"16"
"2018";"Moçambique";"35030019";"Outras gelatinas e seus derivados";"São Paulo";"14"
"2018";"Angola";"35030019";"Outras gelatinas e seus derivados";"São Paulo";"2"
"2017";"Angola";"17019900";"Outros açúcares de cana, beterraba, sacarose químicamente pura, sol.";"São Paulo";"136027749"
"2017";"Angola";"17019900";"Outros açúcares de cana, beterraba, sacarose químicamente pura, sol.";"Paraná";"24016578"
"2017";"Angola";"17019900";"Outros açúcares de cana, beterraba, sacarose químicamente pura, sol.";"Pernambuco";"21502316"
"2017";"Angola";"17019900";"Outros açúcares de cana, beterraba, sacarose químicamente pura, sol.";"Minas Gerais";"9797589"
"2017";"Cabo Verde";"17019900";"Outros açúcares de cana, beterraba, sacarose químicamente pura, sol.";"São Paulo";"6355811"
"2017";"Angola";"17019900";"Outros açúcares de cana, beterraba, sacarose químicamente pura, sol.";"Não Declarada";"1133391"
"2017";"Guiné-Bissau";"17019900";"Outros açúcares de cana, beterraba, sacarose químicamente pura, sol.";"São Paulo";"1062087"
"2017";"Angola";"17049020";"Caramelos, confeitos, dropes, pastilhas, e produtos semelhantes, sem cacau";"Rio Grande do Sul";"940527"
"2017";"Angola";"21041011";"Preparações para caldos e sopas, em embalagens imediatas de conteúdo inferior ou igual a 1 kg";"São Paulo";"863830"
"2017";"São Tomé e Príncipe";"17019900";"Outros açúcares de cana, beterraba, sacarose químicamente pura, sol.";"São Paulo";"776829"
"2017";"Cabo Verde";"21069010";"Outras preparações para elaboração de bebidas";"Goiás";"683553"
"2017";"Angola";"17049020";"Caramelos, confeitos, dropes, pastilhas, e produtos semelhantes, sem cacau";"Paraná";"529630"
"2017";"Angola";"21039021";"Condimentos e temperos, compostos, em embalagens imediatas de conteúdo inferior ou igual a 1 kg";"Rio Grande do Sul";"507047"
"2017";"Cabo Verde";"17019900";"Outros açúcares de cana, beterraba, sacarose químicamente pura, sol.";"Não Declarada";"458814"
"2017";"Angola";"20059900";"Outros produtos hortícolas, preparados ou conservados, exceto em vinagre ou em ácido acético, não congelados";"Rio Grande do Sul";"424942"
"2017";"Angola";"17049020";"Caramelos, confeitos, dropes, pastilhas, e produtos semelhantes, sem cacau";"Minas Gerais";"343655"
"2017";"Cabo Verde";"17019900";"Outros açúcares de cana, beterraba, sacarose químicamente pura, sol.";"Pernambuco";"308475"
"2017";"Angola";"18069000";"Outros chocolates e preparações alimentícias contendo cacau";"São Paulo";"247752"
"2017";"Guiné-Bissau";"17019900";"Outros açúcares de cana, beterraba, sacarose químicamente pura, sol.";"Não Declarada";"223820"
"2017";"Angola";"18069000";"Outros chocolates e preparações alimentícias contendo cacau";"Espírito Santo";"162639"
"2017";"Cabo Verde";"17049020";"Caramelos, confeitos, dropes, pastilhas, e produtos semelhantes, sem cacau";"Rio Grande do Sul";"114244"
"2017";"Angola";"21039021";"Condimentos e temperos, compostos, em embalagens imediatas de conteúdo inferior ou igual a 1 kg";"São Paulo";"64060"
"2017";"Cabo Verde";"18069000";"Outros chocolates e preparações alimentícias contendo cacau";"São Paulo";"54958"
"2017";"Angola";"21069029";"Pós para preparações de cremes, sorvetes, flans, gelatinas ou preparações similares";"São Paulo";"54500"
"2017";"Cabo Verde";"21069029";"Pós para preparações de cremes, sorvetes, flans, gelatinas ou preparações similares";"Minas Gerais";"51765"
"2017";"Cabo Verde";"20098990";"Sucos (sumo) de outras frutas, não fermentado, sem adição de açúcar";"Ceará";"43772"
"2017";"Cabo Verde";"19023000";"Outras massas alimentícias";"Goiás";"39577"
"2017";"Angola";"21023000";"Pós para levedar, preparados";"São Paulo";"39067"
"2017";"Moçambique";"17049020";"Caramelos, confeitos, dropes, pastilhas, e produtos semelhantes, sem cacau";"Minas Gerais";"35617"
"2017";"Angola";"19041000";"Produtos à base de cereais, obtidos por expansão ou por torrefação";"Goiás";"34821"
"2017";"Cabo Verde";"17049020";"Caramelos, confeitos, dropes, pastilhas, e produtos semelhantes, sem cacau";"São Paulo";"33494"
"2017";"Angola";"19019090";"Outras preparações alimentícias de farinhas, etc, cacau < 40%";"São Paulo";"27552"
"2017";"Angola";"21039021";"Condimentos e temperos, compostos, em embalagens imediatas de conteúdo inferior ou igual a 1 kg";"Minas Gerais";"27271"
"2017";"Cabo Verde";"19023000";"Outras massas alimentícias";"São Paulo";"22527"
"2017";"Angola";"21069010";"Outras preparações para elaboração de bebidas";"São Paulo";"20018"
"2017";"Moçambique";"21069029";"Pós para preparações de cremes, sorvetes, flans, gelatinas ou preparações similares";"São Paulo";"18834"
"2017";"Cabo Verde";"17049020";"Caramelos, confeitos, dropes, pastilhas, e produtos semelhantes, sem cacau";"Minas Gerais";"17884"
"2017";"Angola";"18069000";"Outros chocolates e preparações alimentícias contendo cacau";"Rio Grande do Sul";"16703"
"2017";"Angola";"19041000";"Produtos à base de cereais, obtidos por expansão ou por torrefação";"Rio Grande do Sul";"16265"
"2017";"Moçambique";"17049020";"Caramelos, confeitos, dropes, pastilhas, e produtos semelhantes, sem cacau";"Rio Grande do Sul";"15967"
"2017";"Angola";"17049020";"Caramelos, confeitos, dropes, pastilhas, e produtos semelhantes, sem cacau";"São Paulo";"15374"
"2017";"Moçambique";"17049020";"Caramelos, confeitos, dropes, pastilhas, e produtos semelhantes, sem cacau";"São Paulo";"15151"
"2017";"Moçambique";"12119090";"Outras plantas e partes, para perfumaria, medicina e semelhantes";"São Paulo";"15136"
"2017";"Cabo Verde";"19023000";"Outras massas alimentícias";"Rio Grande do Sul";"12519"
"2017";"Moçambique";"18069000";"Outros chocolates e preparações alimentícias contendo cacau";"São Paulo";"11300"
"2017";"Angola";"21041011";"Preparações para caldos e sopas, em embalagens imediatas de conteúdo inferior ou igual a 1 kg";"Minas Gerais";"9503"
"2017";"Angola";"20098990";"Sucos (sumo) de outras frutas, não fermentado, sem adição de açúcar";"Alagoas";"9374"
"2017";"Angola";"20098990";"Sucos (sumo) de outras frutas, não fermentado, sem adição de açúcar";"São Paulo";"7058"
"2017";"Angola";"21069010";"Outras preparações para elaboração de bebidas";"Rio de Janeiro";"6956"
"2017";"Cabo Verde";"20098990";"Sucos (sumo) de outras frutas, não fermentado, sem adição de açúcar";"Alagoas";"6784"
"2017";"Cabo Verde";"21039021";"Condimentos e temperos, compostos, em embalagens imediatas de conteúdo inferior ou igual a 1 kg";"Minas Gerais";"6748"
"2017";"Cabo Verde";"20059900";"Outros produtos hortícolas, preparados ou conservados, exceto em vinagre ou em ácido acético, não congelados";"São Paulo";"6487"
"2017";"São Tomé e Príncipe";"17049020";"Caramelos, confeitos, dropes, pastilhas, e produtos semelhantes, sem cacau";"São Paulo";"6313"
"2017";"Cabo Verde";"21069029";"Pós para preparações de cremes, sorvetes, flans, gelatinas ou preparações similares";"São Paulo";"5788"
"2017";"Angola";"08011100";"Cocos, frescos ou secos, dessecados";"Alagoas";"5331"
"2017";"Cabo Verde";"19019090";"Outras preparações alimentícias de farinhas, etc, cacau < 40%";"São Paulo";"5149"
"2017";"Cabo Verde";"19023000";"Outras massas alimentícias";"Ceará";"4599"
"2017";"Angola";"20052000";"Batatas, preparados ou conservados, exceto em vinagre ou em ácido acético, não congelados";"Minas Gerais";"4440"
"2017";"Angola";"19041000";"Produtos à base de cereais, obtidos por expansão ou por torrefação";"São Paulo";"4317"
"2017";"Cabo Verde";"20059900";"Outros produtos hortícolas, preparados ou conservados, exceto em vinagre ou em ácido acético, não congelados";"Rio Grande do Sul";"4315"
"2017";"Angola";"21041011";"Preparações para caldos e sopas, em embalagens imediatas de conteúdo inferior ou igual a 1 kg";"Goiás";"4206"
"2017";"Cabo Verde";"21069029";"Pós para preparações de cremes, sorvetes, flans, gelatinas ou preparações similares";"Santa Catarina";"3703"
"2017";"Cabo Verde";"18061000";"Cacau em pó, com adição de açúcar ou outros edulcorantes";"Santa Catarina";"3534"
"2017";"Angola";"11081200";"Amido de milho";"Goiás";"3444"
"2017";"Angola";"11041200";"Grãos de aveia, esmagados ou em flocos";"São Paulo";"3379"
"2017";"Angola";"21069021";"Pós para a fabricação de pudins, em embalagens imediatas de conteúdo inferior ou igual a 1 kg";"São Paulo";"3260"
"2017";"Cabo Verde";"18069000";"Outros chocolates e preparações alimentícias contendo cacau";"Santa Catarina";"3092"
"2017";"Angola";"21069029";"Pós para preparações de cremes, sorvetes, flans, gelatinas ou preparações similares";"Minas Gerais";"3072"
"2017";"Angola";"17019900";"Outros açúcares de cana, beterraba, sacarose químicamente pura, sol.";"Rio de Janeiro";"2856"
"2017";"Angola";"28363000";"Hidrogenocarbonato (bicarbonato) de sódio";"São Paulo";"2715"
"2017";"Cabo Verde";"21039021";"Condimentos e temperos, compostos, em embalagens imediatas de conteúdo inferior ou igual a 1 kg";"São Paulo";"2668"
"2017";"Angola";"12119090";"Outras plantas e partes, para perfumaria, medicina e semelhantes";"Rio Grande do Sul";"2593"
"2017";"São Tomé e Príncipe";"21039021";"Condimentos e temperos, compostos, em embalagens imediatas de conteúdo inferior ou igual a 1 kg";"Paraná";"2544"
"2017";"Angola";"19019090";"Outras preparações alimentícias de farinhas, etc, cacau < 40%";"Minas Gerais";"2464"
"2017";"Angola";"12119090";"Outras plantas e partes, para perfumaria, medicina e semelhantes";"Minas Gerais";"2419"
"2017";"Cabo Verde";"21041011";"Preparações para caldos e sopas, em embalagens imediatas de conteúdo inferior ou igual a 1 kg";"Santa Catarina";"2261"
"2017";"Cabo Verde";"18069000";"Outros chocolates e preparações alimentícias contendo cacau";"Rio Grande do Sul";"2175"
"2017";"Angola";"18061000";"Cacau em pó, com adição de açúcar ou outros edulcorantes";"São Paulo";"2172"
"2017";"Angola";"19023000";"Outras massas alimentícias";"São Paulo";"2110"
"2017";"Angola";"19030000";"Tapioca e seus sucedâneos preparados a partir de féculas, em flocos, grumos, grãos, pérolas ou formas semelhantes";"Minas Gerais";"1802"
"2017";"São Tomé e Príncipe";"19041000";"Produtos à base de cereais, obtidos por expansão ou por torrefação";"Paraná";"1782"
"2017";"Angola";"19023000";"Outras massas alimentícias";"Não Declarada";"1767"
"2017";"Cabo Verde";"21041011";"Preparações para caldos e sopas, em embalagens imediatas de conteúdo inferior ou igual a 1 kg";"Minas Gerais";"1705"
"2017";"Angola";"19019090";"Outras preparações alimentícias de farinhas, etc, cacau < 40%";"Paraná";"1606"
"2017";"Angola";"20052000";"Batatas, preparados ou conservados, exceto em vinagre ou em ácido acético, não congelados";"Rio de Janeiro";"1606"
"2017";"Cabo Verde";"19030000";"Tapioca e seus sucedâneos preparados a partir de féculas, em flocos, grumos, grãos, pérolas ou formas semelhantes";"Goiás";"1601"
"2017";"Moçambique";"19023000";"Outras massas alimentícias";"Rio Grande do Sul";"1528"
"2017";"Cabo Verde";"11041200";"Grãos de aveia, esmagados ou em flocos";"Paraná";"1450"
"2017";"Cabo Verde";"21069021";"Pós para a fabricação de pudins, em embalagens imediatas de conteúdo inferior ou igual a 1 kg";"Santa Catarina";"1364"
"2017";"Angola";"09109900";"Outras especiarias";"São Paulo";"1241"
"2017";"Cabo Verde";"19041000";"Produtos à base de cereais, obtidos por expansão ou por torrefação";"Ceará";"1240"
"2017";"Moçambique";"19023000";"Outras massas alimentícias";"Pernambuco";"1232"
"2017";"Cabo Verde";"12119090";"Outras plantas e partes, para perfumaria, medicina e semelhantes";"Minas Gerais";"1147"
"2017";"Cabo Verde";"20052000";"Batatas, preparados ou conservados, exceto em vinagre ou em ácido acético, não congelados";"Minas Gerais";"1046"
"2017";"Angola";"12119090";"Outras plantas e partes, para perfumaria, medicina e semelhantes";"São Paulo";"968"
"2017";"Angola";"21041019";"Outras preparações para caldos e sopas";"São Paulo";"966"
"2017";"Cabo Verde";"21039021";"Condimentos e temperos, compostos, em embalagens imediatas de conteúdo inferior ou igual a 1 kg";"Goiás";"836"
"2017";"Cabo Verde";"21039021";"Condimentos e temperos, compostos, em embalagens imediatas de conteúdo inferior ou igual a 1 kg";"Rio Grande do Sul";"804"
"2017";"Cabo Verde";"19041000";"Produtos à base de cereais, obtidos por expansão ou por torrefação";"Santa Catarina";"796"
"2017";"Angola";"21069010";"Outras preparações para elaboração de bebidas";"Paraná";"756"
"2017";"Cabo Verde";"21023000";"Pós para levedar, preparados";"Santa Catarina";"719"
"2017";"Cabo Verde";"19041000";"Produtos à base de cereais, obtidos por expansão ou por torrefação";"Minas Gerais";"688"
"2017";"Angola";"20098990";"Sucos (sumo) de outras frutas, não fermentado, sem adição de açúcar";"Sergipe";"670"
"2017";"São Tomé e Príncipe";"20052000";"Batatas, preparados ou conservados, exceto em vinagre ou em ácido acético, não congelados";"Paraná";"640"
"2017";"São Tomé e Príncipe";"18069000";"Outros chocolates e preparações alimentícias contendo cacau";"Paraná";"638"
"2017";"Cabo Verde";"35030019";"Outras gelatinas e seus derivados";"Santa Catarina";"614"
"2017";"Angola";"19023000";"Outras massas alimentícias";"Ceará";"610"
"2017";"Angola";"20059900";"Outros produtos hortícolas, preparados ou conservados, exceto em vinagre ou em ácido acético, não congelados";"São Paulo";"606"
"2017";"Cabo Verde";"09096110";"Sementes de anis (erva-doce), não trituradas nem em pó";"Minas Gerais";"529"
"2017";"Angola";"20052000";"Batatas, preparados ou conservados, exceto em vinagre ou em ácido acético, não congelados";"Paraná";"524"
"2017";"Cabo Verde";"21039021";"Condimentos e temperos, compostos, em embalagens imediatas de conteúdo inferior ou igual a 1 kg";"Santa Catarina";"496"
"2017";"Cabo Verde";"11029000";"Farinha de outros cereais";"Minas Gerais";"477"
"2017";"Angola";"11081200";"Amido de milho";"São Paulo";"473"
"2017";"Angola";"21041011";"Preparações para caldos e sopas, em embalagens imediatas de conteúdo inferior ou igual a 1 kg";"Paraná";"459"
"2017";"Angola";"09096110";"Sementes de anis (erva-doce), não trituradas nem em pó";"Minas Gerais";"457"
"2017";"Angola";"19041000";"Produtos à base de cereais, obtidos por expansão ou por torrefação";"Minas Gerais";"439"
"2017";"Angola";"19019090";"Outras preparações alimentícias de farinhas, etc, cacau < 40%";"Rio de Janeiro";"419"
"2017";"Cabo Verde";"21039029";"Outros condimentos e temperos, compostos";"São Paulo";"418"
"2017";"Cabo Verde";"11041200";"Grãos de aveia, esmagados ou em flocos";"Minas Gerais";"414"
"2017";"Cabo Verde";"17049020";"Caramelos, confeitos, dropes, pastilhas, e produtos semelhantes, sem cacau";"Santa Catarina";"347"
"2017";"Cabo Verde";"18050000";"Cacau em pó, sem adição de açúcar ou outros edulcorantes";"Santa Catarina";"339"
"2017";"Moçambique";"21069021";"Pós para a fabricação de pudins, em embalagens imediatas de conteúdo inferior ou igual a 1 kg";"São Paulo";"338"
"2017";"Angola";"09041100";"Pimenta (do gênero Piper), não triturada nem em pó";"São Paulo";"320"
"2017";"São Tomé e Príncipe";"12119010";"Orégano (Origanum vulgare) fresco ou seco, para perfumaria, medicina, etc.";"Paraná";"311"
"2017";"Cabo Verde";"19019090";"Outras preparações alimentícias de farinhas, etc, cacau < 40%";"Paraná";"284"
"2017";"Cabo Verde";"19019090";"Outras preparações alimentícias de farinhas, etc, cacau < 40%";"Santa Catarina";"284"
"2017";"Cabo Verde";"17049020";"Caramelos, confeitos, dropes, pastilhas, e produtos semelhantes, sem cacau";"Ceará";"280"
"2017";"Cabo Verde";"17019900";"Outros açúcares de cana, beterraba, sacarose químicamente pura, sol.";"Santa Catarina";"272"
"2017";"Cabo Verde";"21039021";"Condimentos e temperos, compostos, em embalagens imediatas de conteúdo inferior ou igual a 1 kg";"Paraná";"261"
"2017";"Angola";"21069029";"Pós para preparações de cremes, sorvetes, flans, gelatinas ou preparações similares";"Santa Catarina";"258"
"2017";"São Tomé e Príncipe";"11041200";"Grãos de aveia, esmagados ou em flocos";"Paraná";"255"
"2017";"Moçambique";"09092100";"Sementes de coentro, não trituradas nem em pó";"Reexportação";"250"
"2017";"Angola";"28363000";"Hidrogenocarbonato (bicarbonato) de sódio";"Paraná";"242"
"2017";"Cabo Verde";"11041200";"Grãos de aveia, esmagados ou em flocos";"Santa Catarina";"228"
"2017";"Cabo Verde";"08011100";"Cocos, frescos ou secos, dessecados";"Alagoas";"220"
"2017";"São Tomé e Príncipe";"11081200";"Amido de milho";"Paraná";"211"
"2017";"Angola";"21039021";"Condimentos e temperos, compostos, em embalagens imediatas de conteúdo inferior ou igual a 1 kg";"Paraná";"203"
"2017";"Angola";"11081200";"Amido de milho";"Minas Gerais";"196"
"2017";"São Tomé e Príncipe";"09041200";"Pimenta (do gênero Piper), triturada ou em pó";"Paraná";"194"
"2017";"São Tomé e Príncipe";"18061000";"Cacau em pó, com adição de açúcar ou outros edulcorantes";"Paraná";"184"
"2017";"São Tomé e Príncipe";"08011100";"Cocos, frescos ou secos, dessecados";"Paraná";"162"
"2017";"Angola";"12040090";"Outras sementes de linho (linhaça), mesmo trituradas";"São Paulo";"114"
"2017";"Cabo Verde";"12040090";"Outras sementes de linho (linhaça), mesmo trituradas";"Minas Gerais";"114"
"2017";"São Tomé e Príncipe";"09042200";"Pimentões e pimentas dos gêneros Capsicum ou Pimenta, triturados ou em pó";"Paraná";"108"
"2017";"Angola";"12079990";"Outras sementes e frutos oleaginosos, mesmo triturados";"São Paulo";"70"
"2017";"Cabo Verde";"11029000";"Farinha de outros cereais";"Santa Catarina";"68"
"2017";"São Tomé e Príncipe";"19019090";"Outras preparações alimentícias de farinhas, etc, cacau < 40%";"Paraná";"68"
"2017";"São Tomé e Príncipe";"09109900";"Outras especiarias";"Paraná";"67"
"2017";"São Tomé e Príncipe";"09062000";"Canela e flores de caneleira, trituradas ou em pó";"Paraná";"36"
"2017";"São Tomé e Príncipe";"28363000";"Hidrogenocarbonato (bicarbonato) de sódio";"Paraná";"33"
"2017";"Angola";"09092100";"Sementes de coentro, não trituradas nem em pó";"Rio Grande do Sul";"28"
"2017";"Moçambique";"21021090";"Outras leveduras vivas";"São Paulo";"7"
"2017";"Angola";"08011100";"Cocos, frescos ou secos, dessecados";"Santa Catarina";"5"
"2017";"Angola";"18061000";"Cacau em pó, com adição de açúcar ou outros edulcorantes";"Santa Catarina";"5"
"2017";"Moçambique";"11081200";"Amido de milho";"São Paulo";"4"
"2017";"Angola";"18069000";"Outros chocolates e preparações alimentícias contendo cacau";"Santa Catarina";"4"
"2017";"Moçambique";"18061000";"Cacau em pó, com adição de açúcar ou outros edulcorantes";"São Paulo";"4"
"2017";"Angola";"12040090";"Outras sementes de linho (linhaça), mesmo trituradas";"Rio de Janeiro";"1"
"2016";"Angola";"17019900";"Outros açúcares de cana, beterraba, sacarose químicamente pura, sol.";"São Paulo";"87207279"
"2016";"Angola";"17019900";"Outros açúcares de cana, beterraba, sacarose químicamente pura, sol.";"Pernambuco";"23306239"
"2016";"Cabo Verde";"17019900";"Outros açúcares de cana, beterraba, sacarose químicamente pura, sol.";"São Paulo";"5565195"
"2016";"Angola";"17019900";"Outros açúcares de cana, beterraba, sacarose químicamente pura, sol.";"Paraná";"2217426"
"2016";"Angola";"20059900";"Outros produtos hortícolas, preparados ou conservados, exceto em vinagre ou em ácido acético, não congelados";"Rio Grande do Sul";"1460981"
"2016";"Angola";"17019900";"Outros açúcares de cana, beterraba, sacarose químicamente pura, sol.";"Não Declarada";"1408858"
"2016";"Angola";"17019900";"Outros açúcares de cana, beterraba, sacarose químicamente pura, sol.";"Minas Gerais";"1277690"
"2016";"Cabo Verde";"21069010";"Outras preparações para elaboração de bebidas";"Goiás";"919616"
"2016";"Angola";"21041011";"Preparações para caldos e sopas, em embalagens imediatas de conteúdo inferior ou igual a 1 kg";"São Paulo";"794612"
"2016";"Guiné-Bissau";"17019900";"Outros açúcares de cana, beterraba, sacarose químicamente pura, sol.";"São Paulo";"479288"
"2016";"Angola";"17049020";"Caramelos, confeitos, dropes, pastilhas, e produtos semelhantes, sem cacau";"Rio Grande do Sul";"349201"
"2016";"Cabo Verde";"17019900";"Outros açúcares de cana, beterraba, sacarose químicamente pura, sol.";"Não Declarada";"294481"
"2016";"Angola";"21039021";"Condimentos e temperos, compostos, em embalagens imediatas de conteúdo inferior ou igual a 1 kg";"Rio Grande do Sul";"292300"
"2016";"Angola";"17019900";"Outros açúcares de cana, beterraba, sacarose químicamente pura, sol.";"Espírito Santo";"234214"
"2016";"Cabo Verde";"17019900";"Outros açúcares de cana, beterraba, sacarose químicamente pura, sol.";"Alagoas";"204237"
"2016";"Angola";"19041000";"Produtos à base de cereais, obtidos por expansão ou por torrefação";"Goiás";"159724"
"2016";"São Tomé e Príncipe";"17019900";"Outros açúcares de cana, beterraba, sacarose químicamente pura, sol.";"São Paulo";"140098"
"2016";"Angola";"17049020";"Caramelos, confeitos, dropes, pastilhas, e produtos semelhantes, sem cacau";"São Paulo";"140048"
"2016";"Guiné-Bissau";"17019900";"Outros açúcares de cana, beterraba, sacarose químicamente pura, sol.";"Minas Gerais";"139647"
"2016";"Angola";"20098990";"Sucos (sumo) de outras frutas, não fermentado, sem adição de açúcar";"São Paulo";"138428"
"2016";"Angola";"18069000";"Outros chocolates e preparações alimentícias contendo cacau";"São Paulo";"138031"
"2016";"Moçambique";"17019900";"Outros açúcares de cana, beterraba, sacarose químicamente pura, sol.";"São Paulo";"123201"
"2016";"Angola";"21039021";"Condimentos e temperos, compostos, em embalagens imediatas de conteúdo inferior ou igual a 1 kg";"São Paulo";"118964"
"2016";"Cabo Verde";"17019900";"Outros açúcares de cana, beterraba, sacarose químicamente pura, sol.";"Pernambuco";"92150"
"2016";"Cabo Verde";"17019900";"Outros açúcares de cana, beterraba, sacarose químicamente pura, sol.";"Goiás";"60172"
"2016";"Angola";"17019900";"Outros açúcares de cana, beterraba, sacarose químicamente pura, sol.";"Goiás";"53732"
"2016";"Angola";"21023000";"Pós para levedar, preparados";"São Paulo";"52333"
"2016";"Angola";"18069000";"Outros chocolates e preparações alimentícias contendo cacau";"Espírito Santo";"52325"
"2016";"Cabo Verde";"20098990";"Sucos (sumo) de outras frutas, não fermentado, sem adição de açúcar";"Ceará";"49309"
"2016";"Cabo Verde";"17049020";"Caramelos, confeitos, dropes, pastilhas, e produtos semelhantes, sem cacau";"São Paulo";"46305"
"2016";"Angola";"19041000";"Produtos à base de cereais, obtidos por expansão ou por torrefação";"São Paulo";"44028"
"2016";"Cabo Verde";"21069029";"Pós para preparações de cremes, sorvetes, flans, gelatinas ou preparações similares";"Minas Gerais";"42927"
"2016";"Cabo Verde";"21069029";"Pós para preparações de cremes, sorvetes, flans, gelatinas ou preparações similares";"São Paulo";"41327"
"2016";"Angola";"21069010";"Outras preparações para elaboração de bebidas";"São Paulo";"40485"
"2016";"Cabo Verde";"21069010";"Outras preparações para elaboração de bebidas";"São Paulo";"37650"
"2016";"Cabo Verde";"18069000";"Outros chocolates e preparações alimentícias contendo cacau";"São Paulo";"30846"
"2016";"Angola";"01012900";"Cavalos, exceto reprodutores de raça pura";"Pará";"30439"
"2016";"Cabo Verde";"21069010";"Outras preparações para elaboração de bebidas";"Rio Grande do Sul";"23168"
"2016";"Angola";"20098990";"Sucos (sumo) de outras frutas, não fermentado, sem adição de açúcar";"Minas Gerais";"22153"
"2016";"Angola";"18069000";"Outros chocolates e preparações alimentícias contendo cacau";"Rio Grande do Sul";"21516"
"2016";"Cabo Verde";"19023000";"Outras massas alimentícias";"Goiás";"21386"
"2016";"Angola";"20098990";"Sucos (sumo) de outras frutas, não fermentado, sem adição de açúcar";"Alagoas";"20956"
"2016";"Moçambique";"21069029";"Pós para preparações de cremes, sorvetes, flans, gelatinas ou preparações similares";"São Paulo";"18199"
"2016";"Angola";"19041000";"Produtos à base de cereais, obtidos por expansão ou por torrefação";"Rio Grande do Sul";"18000"
"2016";"Angola";"21069029";"Pós para preparações de cremes, sorvetes, flans, gelatinas ou preparações similares";"São Paulo";"17554"
"2016";"Moçambique";"12119090";"Outras plantas e partes, para perfumaria, medicina e semelhantes";"São Paulo";"16521"
"2016";"Guiné-Bissau";"21069010";"Outras preparações para elaboração de bebidas";"Não Declarada";"16500"
"2016";"Angola";"12119090";"Outras plantas e partes, para perfumaria, medicina e semelhantes";"Espírito Santo";"15664"
"2016";"Cabo Verde";"19023000";"Outras massas alimentícias";"São Paulo";"15290"
"2016";"Angola";"11081200";"Amido de milho";"Goiás";"11916"
"2016";"Cabo Verde";"20098990";"Sucos (sumo) de outras frutas, não fermentado, sem adição de açúcar";"Alagoas";"11751"
"2016";"Moçambique";"17049020";"Caramelos, confeitos, dropes, pastilhas, e produtos semelhantes, sem cacau";"São Paulo";"11152"
"2016";"Angola";"21041019";"Outras preparações para caldos e sopas";"São Paulo";"10891"
"2016";"Cabo Verde";"19023000";"Outras massas alimentícias";"Minas Gerais";"10613"
"2016";"São Tomé e Príncipe";"18069000";"Outros chocolates e preparações alimentícias contendo cacau";"São Paulo";"10356"
"2016";"Guiné-Bissau";"19023000";"Outras massas alimentícias";"Não Declarada";"9300"
"2016";"Cabo Verde";"20059900";"Outros produtos hortícolas, preparados ou conservados, exceto em vinagre ou em ácido acético, não congelados";"Goiás";"9006"
"2016";"Cabo Verde";"21039021";"Condimentos e temperos, compostos, em embalagens imediatas de conteúdo inferior ou igual a 1 kg";"Minas Gerais";"8427"
"2016";"Angola";"20052000";"Batatas, preparados ou conservados, exceto em vinagre ou em ácido acético, não congelados";"Minas Gerais";"7764"
"2016";"Angola";"21039021";"Condimentos e temperos, compostos, em embalagens imediatas de conteúdo inferior ou igual a 1 kg";"Minas Gerais";"7052"
"2016";"Cabo Verde";"21041011";"Preparações para caldos e sopas, em embalagens imediatas de conteúdo inferior ou igual a 1 kg";"Goiás";"6179"
"2016";"Cabo Verde";"21039021";"Condimentos e temperos, compostos, em embalagens imediatas de conteúdo inferior ou igual a 1 kg";"Goiás";"6126"
"2016";"Angola";"19019090";"Outras preparações alimentícias de farinhas, etc, cacau < 40%";"São Paulo";"5766"
"2016";"Cabo Verde";"21039021";"Condimentos e temperos, compostos, em embalagens imediatas de conteúdo inferior ou igual a 1 kg";"São Paulo";"5698"
"2016";"Angola";"19023000";"Outras massas alimentícias";"São Paulo";"5650"
"2016";"Angola";"20052000";"Batatas, preparados ou conservados, exceto em vinagre ou em ácido acético, não congelados";"São Paulo";"5238"
"2016";"Angola";"35030019";"Outras gelatinas e seus derivados";"São Paulo";"4851"
"2016";"Cabo Verde";"21069010";"Outras preparações para elaboração de bebidas";"Paraná";"4380"
"2016";"Angola";"08011100";"Cocos, frescos ou secos, dessecados";"Alagoas";"4315"
"2016";"Angola";"21041011";"Preparações para caldos e sopas, em embalagens imediatas de conteúdo inferior ou igual a 1 kg";"Goiás";"4005"
"2016";"Moçambique";"17049020";"Caramelos, confeitos, dropes, pastilhas, e produtos semelhantes, sem cacau";"Minas Gerais";"3978"
"2016";"Angola";"11081200";"Amido de milho";"São Paulo";"3725"
"2016";"Angola";"19019090";"Outras preparações alimentícias de farinhas, etc, cacau < 40%";"Paraná";"3714"
"2016";"Angola";"11041200";"Grãos de aveia, esmagados ou em flocos";"São Paulo";"3640"
"2016";"Angola";"21069021";"Pós para a fabricação de pudins, em embalagens imediatas de conteúdo inferior ou igual a 1 kg";"São Paulo";"3523"
"2016";"São Tomé e Príncipe";"19019090";"Outras preparações alimentícias de farinhas, etc, cacau < 40%";"São Paulo";"3489"
"2016";"Angola";"18061000";"Cacau em pó, com adição de açúcar ou outros edulcorantes";"São Paulo";"2568"
"2016";"Angola";"21041011";"Preparações para caldos e sopas, em embalagens imediatas de conteúdo inferior ou igual a 1 kg";"Paraná";"2512"
"2016";"Angola";"21021090";"Outras leveduras vivas";"São Paulo";"2443"
"2016";"Angola";"19023000";"Outras massas alimentícias";"Paraná";"2346"
"2016";"Angola";"20098990";"Sucos (sumo) de outras frutas, não fermentado, sem adição de açúcar";"Ceará";"2210"
"2016";"Cabo Verde";"12119090";"Outras plantas e partes, para perfumaria, medicina e semelhantes";"Ceará";"1956"
"2016";"São Tomé e Príncipe";"17049020";"Caramelos, confeitos, dropes, pastilhas, e produtos semelhantes, sem cacau";"São Paulo";"1754"
"2016";"Cabo Verde";"21041011";"Preparações para caldos e sopas, em embalagens imediatas de conteúdo inferior ou igual a 1 kg";"Minas Gerais";"1643"
"2016";"Angola";"09109900";"Outras especiarias";"São Paulo";"1638"
"2016";"Angola";"19030000";"Tapioca e seus sucedâneos preparados a partir de féculas, em flocos, grumos, grãos, pérolas ou formas semelhantes";"Minas Gerais";"1612"
"2016";"Angola";"19019090";"Outras preparações alimentícias de farinhas, etc, cacau < 40%";"Minas Gerais";"1138"
"2016";"Cabo Verde";"08011100";"Cocos, frescos ou secos, dessecados";"Alagoas";"1091"
"2016";"Angola";"18069000";"Outros chocolates e preparações alimentícias contendo cacau";"Goiás";"1079"
"2016";"Angola";"11029000";"Farinha de outros cereais";"Paraná";"1068"
"2016";"Cabo Verde";"11041200";"Grãos de aveia, esmagados ou em flocos";"Paraná";"1036"
"2016";"Cabo Verde";"21041011";"Preparações para caldos e sopas, em embalagens imediatas de conteúdo inferior ou igual a 1 kg";"São Paulo";"1018"
"2016";"Cabo Verde";"18069000";"Outros chocolates e preparações alimentícias contendo cacau";"Minas Gerais";"871"
"2016";"Angola";"21069029";"Pós para preparações de cremes, sorvetes, flans, gelatinas ou preparações similares";"Paraná";"825"
"2016";"São Tomé e Príncipe";"20059900";"Outros produtos hortícolas, preparados ou conservados, exceto em vinagre ou em ácido acético, não congelados";"Rio Grande do Sul";"760"
"2016";"Angola";"20059900";"Outros produtos hortícolas, preparados ou conservados, exceto em vinagre ou em ácido acético, não congelados";"São Paulo";"741"
"2016";"Angola";"21039021";"Condimentos e temperos, compostos, em embalagens imediatas de conteúdo inferior ou igual a 1 kg";"Paraná";"717"
"2016";"Cabo Verde";"11041200";"Grãos de aveia, esmagados ou em flocos";"São Paulo";"660"
"2016";"Angola";"18069000";"Outros chocolates e preparações alimentícias contendo cacau";"Paraná";"629"
"2016";"Angola";"20098990";"Sucos (sumo) de outras frutas, não fermentado, sem adição de açúcar";"Sergipe";"625"
"2016";"Cabo Verde";"21039029";"Outros condimentos e temperos, compostos";"São Paulo";"572"
"2016";"Cabo Verde";"20052000";"Batatas, preparados ou conservados, exceto em vinagre ou em ácido acético, não congelados";"Minas Gerais";"433"
"2016";"Angola";"12119090";"Outras plantas e partes, para perfumaria, medicina e semelhantes";"Rio Grande do Sul";"432"
"2016";"Angola";"19030000";"Tapioca e seus sucedâneos preparados a partir de féculas, em flocos, grumos, grãos, pérolas ou formas semelhantes";"São Paulo";"404"
"2016";"São Tomé e Príncipe";"17049020";"Caramelos, confeitos, dropes, pastilhas, e produtos semelhantes, sem cacau";"Minas Gerais";"348"
"2016";"Cabo Verde";"11029000";"Farinha de outros cereais";"São Paulo";"330"
"2016";"Cabo Verde";"11041200";"Grãos de aveia, esmagados ou em flocos";"Minas Gerais";"324"
"2016";"Angola";"12119090";"Outras plantas e partes, para perfumaria, medicina e semelhantes";"São Paulo";"297"
"2016";"Cabo Verde";"19019090";"Outras preparações alimentícias de farinhas, etc, cacau < 40%";"Minas Gerais";"295"
"2016";"Moçambique";"18069000";"Outros chocolates e preparações alimentícias contendo cacau";"Santa Catarina";"286"
"2016";"Cabo Verde";"08011100";"Cocos, frescos ou secos, dessecados";"Ceará";"280"
"2016";"Cabo Verde";"18061000";"Cacau em pó, com adição de açúcar ou outros edulcorantes";"São Paulo";"264"
"2016";"Cabo Verde";"17049020";"Caramelos, confeitos, dropes, pastilhas, e produtos semelhantes, sem cacau";"Rio Grande do Sul";"249"
"2016";"Cabo Verde";"17049020";"Caramelos, confeitos, dropes, pastilhas, e produtos semelhantes, sem cacau";"Ceará";"231"
"2016";"Angola";"21069029";"Pós para preparações de cremes, sorvetes, flans, gelatinas ou preparações similares";"Santa Catarina";"216"
"2016";"Cabo Verde";"12040090";"Outras sementes de linho (linhaça), mesmo trituradas";"Ceará";"188"
"2016";"Cabo Verde";"12040090";"Outras sementes de linho (linhaça), mesmo trituradas";"São Paulo";"152"
"2016";"Angola";"21069029";"Pós para preparações de cremes, sorvetes, flans, gelatinas ou preparações similares";"Rio de Janeiro";"141"
"2016";"Angola";"12040090";"Outras sementes de linho (linhaça), mesmo trituradas";"São Paulo";"113"
"2016";"Moçambique";"21069029";"Pós para preparações de cremes, sorvetes, flans, gelatinas ou preparações similares";"Santa Catarina";"102"
"2016";"Angola";"12079990";"Outras sementes e frutos oleaginosos, mesmo triturados";"São Paulo";"70"
"2016";"Angola";"21069021";"Pós para a fabricação de pudins, em embalagens imediatas de conteúdo inferior ou igual a 1 kg";"Paraná";"57"
"2016";"Angola";"21069021";"Pós para a fabricação de pudins, em embalagens imediatas de conteúdo inferior ou igual a 1 kg";"Santa Catarina";"52"
"2016";"Cabo Verde";"21069029";"Pós para preparações de cremes, sorvetes, flans, gelatinas ou preparações similares";"Não Declarada";"7"
"2016";"Cabo Verde";"18069000";"Outros chocolates e preparações alimentícias contendo cacau";"Rio Grande do Sul";"6"
"2016";"Guiné-Bissau";"21069010";"Outras preparações para elaboração de bebidas";"Ceará";"2"
"2016";"Angola";"18069000";"Outros chocolates e preparações alimentícias contendo cacau";"Rio de Janeiro";"1"
"2016";"Cabo Verde";"21039021";"Condimentos e temperos, compostos, em embalagens imediatas de conteúdo inferior ou igual a 1 kg";"Não Declarada";"0"
"2015";"Angola";"17019900";"Outros açúcares de cana, beterraba, sacarose químicamente pura, sol.";"São Paulo";"66212629"
"2015";"Angola";"17019900";"Outros açúcares de cana, beterraba, sacarose químicamente pura, sol.";"Paraná";"7135699"
"2015";"Angola";"17019900";"Outros açúcares de cana, beterraba, sacarose químicamente pura, sol.";"Minas Gerais";"4166977"
"2015";"Cabo Verde";"17019900";"Outros açúcares de cana, beterraba, sacarose químicamente pura, sol.";"São Paulo";"3851400"
"2015";"Angola";"17019900";"Outros açúcares de cana, beterraba, sacarose químicamente pura, sol.";"Não Declarada";"2299569"
"2015";"Angola";"20059900";"Outros produtos hortícolas, preparados ou conservados, exceto em vinagre ou em ácido acético, não congelados";"Rio Grande do Sul";"1295686"
"2015";"Angola";"21041011";"Preparações para caldos e sopas, em embalagens imediatas de conteúdo inferior ou igual a 1 kg";"São Paulo";"998620"
"2015";"Angola";"17019900";"Outros açúcares de cana, beterraba, sacarose químicamente pura, sol.";"Alagoas";"913755"
"2015";"Guiné-Bissau";"17019900";"Outros açúcares de cana, beterraba, sacarose químicamente pura, sol.";"São Paulo";"901397"
"2015";"Moçambique";"17019900";"Outros açúcares de cana, beterraba, sacarose químicamente pura, sol.";"São Paulo";"687118"
"2015";"Cabo Verde";"21069010";"Outras preparações para elaboração de bebidas";"Goiás";"520841"
"2015";"Angola";"17049020";"Caramelos, confeitos, dropes, pastilhas, e produtos semelhantes, sem cacau";"Rio Grande do Sul";"487405"
"2015";"Angola";"18069000";"Outros chocolates e preparações alimentícias contendo cacau";"São Paulo";"391300"
"2015";"Angola";"17019900";"Outros açúcares de cana, beterraba, sacarose químicamente pura, sol.";"Sergipe";"374962"
"2015";"Angola";"17049020";"Caramelos, confeitos, dropes, pastilhas, e produtos semelhantes, sem cacau";"São Paulo";"346415"
"2015";"Cabo Verde";"17019900";"Outros açúcares de cana, beterraba, sacarose químicamente pura, sol.";"Sergipe";"316223"
"2015";"Cabo Verde";"17019900";"Outros açúcares de cana, beterraba, sacarose químicamente pura, sol.";"Pernambuco";"275904"
"2015";"Angola";"21069029";"Pós para preparações de cremes, sorvetes, flans, gelatinas ou preparações similares";"São Paulo";"217004"
"2015";"Moçambique";"17049020";"Caramelos, confeitos, dropes, pastilhas, e produtos semelhantes, sem cacau";"Rio Grande do Sul";"211464"
"2015";"Cabo Verde";"17019900";"Outros açúcares de cana, beterraba, sacarose químicamente pura, sol.";"Alagoas";"194568"
"2015";"Angola";"21039021";"Condimentos e temperos, compostos, em embalagens imediatas de conteúdo inferior ou igual a 1 kg";"São Paulo";"168747"
"2015";"Angola";"17049020";"Caramelos, confeitos, dropes, pastilhas, e produtos semelhantes, sem cacau";"Minas Gerais";"162742"
"2015";"Angola";"18069000";"Outros chocolates e preparações alimentícias contendo cacau";"Espírito Santo";"141449"
"2015";"Angola";"19041000";"Produtos à base de cereais, obtidos por expansão ou por torrefação";"São Paulo";"125429"
"2015";"Angola";"18069000";"Outros chocolates e preparações alimentícias contendo cacau";"Rio Grande do Sul";"99066"
"2015";"Cabo Verde";"17049020";"Caramelos, confeitos, dropes, pastilhas, e produtos semelhantes, sem cacau";"Rio Grande do Sul";"97063"
"2015";"Cabo Verde";"17019900";"Outros açúcares de cana, beterraba, sacarose químicamente pura, sol.";"Não Declarada";"96117"
"2015";"Cabo Verde";"21069029";"Pós para preparações de cremes, sorvetes, flans, gelatinas ou preparações similares";"São Paulo";"81433"
"2015";"Angola";"21039021";"Condimentos e temperos, compostos, em embalagens imediatas de conteúdo inferior ou igual a 1 kg";"Rio Grande do Sul";"77490"
"2015";"Angola";"20098990";"Sucos (sumo) de outras frutas, não fermentado, sem adição de açúcar";"Alagoas";"49680"
"2015";"São Tomé e Príncipe";"17019900";"Outros açúcares de cana, beterraba, sacarose químicamente pura, sol.";"São Paulo";"47351"
"2015";"Angola";"19019090";"Outras preparações alimentícias de farinhas, etc, cacau < 40%";"São Paulo";"43189"
"2015";"Cabo Verde";"17049020";"Caramelos, confeitos, dropes, pastilhas, e produtos semelhantes, sem cacau";"São Paulo";"38725"
"2015";"Moçambique";"21069029";"Pós para preparações de cremes, sorvetes, flans, gelatinas ou preparações similares";"São Paulo";"34819"
"2015";"Cabo Verde";"18069000";"Outros chocolates e preparações alimentícias contendo cacau";"São Paulo";"32235"
"2015";"Cabo Verde";"19023000";"Outras massas alimentícias";"São Paulo";"27859"
"2015";"Moçambique";"17049020";"Caramelos, confeitos, dropes, pastilhas, e produtos semelhantes, sem cacau";"São Paulo";"26101"
"2015";"Cabo Verde";"21039021";"Condimentos e temperos, compostos, em embalagens imediatas de conteúdo inferior ou igual a 1 kg";"São Paulo";"25576"
"2015";"Cabo Verde";"20098990";"Sucos (sumo) de outras frutas, não fermentado, sem adição de açúcar";"Ceará";"21870"
"2015";"Angola";"21039021";"Condimentos e temperos, compostos, em embalagens imediatas de conteúdo inferior ou igual a 1 kg";"Paraná";"19134"
"2015";"Angola";"20098990";"Sucos (sumo) de outras frutas, não fermentado, sem adição de açúcar";"São Paulo";"17908"
"2015";"Angola";"20052000";"Batatas, preparados ou conservados, exceto em vinagre ou em ácido acético, não congelados";"São Paulo";"17796"
"2015";"Moçambique";"12119090";"Outras plantas e partes, para perfumaria, medicina e semelhantes";"São Paulo";"15819"
"2015";"Angola";"21069021";"Pós para a fabricação de pudins, em embalagens imediatas de conteúdo inferior ou igual a 1 kg";"São Paulo";"13994"
"2015";"Moçambique";"18069000";"Outros chocolates e preparações alimentícias contendo cacau";"São Paulo";"13443"
"2015";"São Tomé e Príncipe";"18069000";"Outros chocolates e preparações alimentícias contendo cacau";"São Paulo";"13070"
"2015";"São Tomé e Príncipe";"17049020";"Caramelos, confeitos, dropes, pastilhas, e produtos semelhantes, sem cacau";"São Paulo";"12491"
"2015";"Cabo Verde";"17049020";"Caramelos, confeitos, dropes, pastilhas, e produtos semelhantes, sem cacau";"Minas Gerais";"12314"
"2015";"Cabo Verde";"18069000";"Outros chocolates e preparações alimentícias contendo cacau";"Rio Grande do Sul";"12078"
"2015";"Moçambique";"21039021";"Condimentos e temperos, compostos, em embalagens imediatas de conteúdo inferior ou igual a 1 kg";"São Paulo";"11351"
"2015";"Moçambique";"20052000";"Batatas, preparados ou conservados, exceto em vinagre ou em ácido acético, não congelados";"São Paulo";"10576"
"2015";"Angola";"21069010";"Outras preparações para elaboração de bebidas";"São Paulo";"10520"
"2015";"Cabo Verde";"21041011";"Preparações para caldos e sopas, em embalagens imediatas de conteúdo inferior ou igual a 1 kg";"Goiás";"9748"
"2015";"Angola";"19023000";"Outras massas alimentícias";"São Paulo";"8630"
"2015";"Angola";"09041200";"Pimenta (do gênero Piper), triturada ou em pó";"São Paulo";"7691"
"2015";"Cabo Verde";"19019090";"Outras preparações alimentícias de farinhas, etc, cacau < 40%";"Paraná";"7591"
"2015";"Cabo Verde";"19023000";"Outras massas alimentícias";"Goiás";"7340"
"2015";"Angola";"11041200";"Grãos de aveia, esmagados ou em flocos";"São Paulo";"6875"
"2015";"Angola";"21039021";"Condimentos e temperos, compostos, em embalagens imediatas de conteúdo inferior ou igual a 1 kg";"Minas Gerais";"6842"
"2015";"Moçambique";"19019090";"Outras preparações alimentícias de farinhas, etc, cacau < 40%";"São Paulo";"5970"
"2015";"Angola";"18069000";"Outros chocolates e preparações alimentícias contendo cacau";"Paraná";"5804"
"2015";"Cabo Verde";"19041000";"Produtos à base de cereais, obtidos por expansão ou por torrefação";"Goiás";"5291"
"2015";"Cabo Verde";"20052000";"Batatas, preparados ou conservados, exceto em vinagre ou em ácido acético, não congelados";"São Paulo";"5286"
"2015";"Angola";"19030000";"Tapioca e seus sucedâneos preparados a partir de féculas, em flocos, grumos, grãos, pérolas ou formas semelhantes";"São Paulo";"5095"
"2015";"Angola";"20098990";"Sucos (sumo) de outras frutas, não fermentado, sem adição de açúcar";"Sergipe";"5048"
"2015";"Angola";"18061000";"Cacau em pó, com adição de açúcar ou outros edulcorantes";"São Paulo";"4434"
"2015";"Angola";"17019900";"Outros açúcares de cana, beterraba, sacarose químicamente pura, sol.";"Rio Grande do Sul";"4326"
"2015";"Angola";"20059900";"Outros produtos hortícolas, preparados ou conservados, exceto em vinagre ou em ácido acético, não congelados";"São Paulo";"4159"
"2015";"Cabo Verde";"11041200";"Grãos de aveia, esmagados ou em flocos";"São Paulo";"4049"
"2015";"Cabo Verde";"20059900";"Outros produtos hortícolas, preparados ou conservados, exceto em vinagre ou em ácido acético, não congelados";"São Paulo";"3884"
"2015";"Angola";"09109900";"Outras especiarias";"São Paulo";"3774"
"2015";"Cabo Verde";"11041200";"Grãos de aveia, esmagados ou em flocos";"Paraná";"3522"
"2015";"Cabo Verde";"20052000";"Batatas, preparados ou conservados, exceto em vinagre ou em ácido acético, não congelados";"Paraná";"3048"
"2015";"Angola";"09062000";"Canela e flores de caneleira, trituradas ou em pó";"São Paulo";"3006"
"2015";"Moçambique";"19023000";"Outras massas alimentícias";"São Paulo";"2952"
"2015";"Cabo Verde";"21041019";"Outras preparações para caldos e sopas";"Maranhão";"2434"
"2015";"Cabo Verde";"21039021";"Condimentos e temperos, compostos, em embalagens imediatas de conteúdo inferior ou igual a 1 kg";"Goiás";"2125"
"2015";"Moçambique";"11041200";"Grãos de aveia, esmagados ou em flocos";"São Paulo";"1820"
"2015";"Angola";"08011100";"Cocos, frescos ou secos, dessecados";"Alagoas";"1736"
"2015";"Cabo Verde";"19041000";"Produtos à base de cereais, obtidos por expansão ou por torrefação";"Rio Grande do Norte";"1705"
"2015";"Cabo Verde";"19041000";"Produtos à base de cereais, obtidos por expansão ou por torrefação";"Minas Gerais";"1545"
"2015";"Angola";"11081200";"Amido de milho";"São Paulo";"1466"
"2015";"Angola";"21039029";"Outros condimentos e temperos, compostos";"São Paulo";"1322"
"2015";"Angola";"19023000";"Outras massas alimentícias";"Paraná";"1058"
"2015";"Moçambique";"11081200";"Amido de milho";"Rio Grande do Norte";"1036"
"2015";"Angola";"12119010";"Orégano (Origanum vulgare) fresco ou seco, para perfumaria, medicina, etc.";"São Paulo";"964"
"2015";"Cabo Verde";"11029000";"Farinha de outros cereais";"São Paulo";"936"
"2015";"Angola";"11029000";"Farinha de outros cereais";"São Paulo";"929"
"2015";"Cabo Verde";"17019900";"Outros açúcares de cana, beterraba, sacarose químicamente pura, sol.";"Maranhão";"920"
"2015";"Moçambique";"20059900";"Outros produtos hortícolas, preparados ou conservados, exceto em vinagre ou em ácido acético, não congelados";"São Paulo";"912"
"2015";"Cabo Verde";"19041000";"Produtos à base de cereais, obtidos por expansão ou por torrefação";"Ceará";"912"
"2015";"Angola";"09081100";"Noz-moscada, não triturada nem em pó";"São Paulo";"892"
"2015";"Angola";"21021090";"Outras leveduras vivas";"São Paulo";"851"
"2015";"Angola";"18069000";"Outros chocolates e preparações alimentícias contendo cacau";"Santa Catarina";"830"
"2015";"Angola";"28363000";"Hidrogenocarbonato (bicarbonato) de sódio";"São Paulo";"761"
"2015";"Angola";"07129090";"Outros produtos hortícolas; misturas de produtos hortícolas, secos, inclusive pedaços, fatias, etc";"São Paulo";"731"
"2015";"Angola";"19023000";"Outras massas alimentícias";"Minas Gerais";"692"
"2015";"Angola";"09103000";"Açafrão-da-terra (curcuma)";"São Paulo";"685"
"2015";"São Tomé e Príncipe";"19019090";"Outras preparações alimentícias de farinhas, etc, cacau < 40%";"São Paulo";"573"
"2015";"Cabo Verde";"12040090";"Outras sementes de linho (linhaça), mesmo trituradas";"São Paulo";"523"
"2015";"Moçambique";"11029000";"Farinha de outros cereais";"São Paulo";"522"
"2015";"Angola";"09101200";"Gengibre, triturado ou em pó";"São Paulo";"508"
"2015";"Angola";"09061100";"Canela (Cinnamomum zeylanicum blume) e flores de caneleira, não trituradas nem em pó";"São Paulo";"479"
"2015";"Cabo Verde";"20052000";"Batatas, preparados ou conservados, exceto em vinagre ou em ácido acético, não congelados";"Minas Gerais";"457"
"2015";"Cabo Verde";"21069010";"Outras preparações para elaboração de bebidas";"São Paulo";"380"
"2015";"Angola";"21069029";"Pós para preparações de cremes, sorvetes, flans, gelatinas ou preparações similares";"Santa Catarina";"349"
"2015";"Moçambique";"19030000";"Tapioca e seus sucedâneos preparados a partir de féculas, em flocos, grumos, grãos, pérolas ou formas semelhantes";"São Paulo";"342"
"2015";"Moçambique";"11081200";"Amido de milho";"Não Declarada";"314"
"2015";"Angola";"09092100";"Sementes de coentro, não trituradas nem em pó";"Rio Grande do Sul";"288"
"2015";"Cabo Verde";"19030000";"Tapioca e seus sucedâneos preparados a partir de féculas, em flocos, grumos, grãos, pérolas ou formas semelhantes";"São Paulo";"256"
"2015";"Angola";"28369913";"Carbonatos de amônio comercial e outros carbonatos de amônio";"Rio de Janeiro";"174"
"2015";"Angola";"12040090";"Outras sementes de linho (linhaça), mesmo trituradas";"São Paulo";"160"
"2015";"Angola";"21069021";"Pós para a fabricação de pudins, em embalagens imediatas de conteúdo inferior ou igual a 1 kg";"Santa Catarina";"145"
"2015";"Cabo Verde";"12119090";"Outras plantas e partes, para perfumaria, medicina e semelhantes";"Ceará";"140"
"2015";"Angola";"21069010";"Outras preparações para elaboração de bebidas";"Paraná";"71"
"2015";"Angola";"21069029";"Pós para preparações de cremes, sorvetes, flans, gelatinas ou preparações similares";"Rio de Janeiro";"66"
"2015";"Angola";"17019100";"Outros açúcares de cana, beterraba, com aromatizante corante";"Rio de Janeiro";"63"
"2015";"Angola";"28363000";"Hidrogenocarbonato (bicarbonato) de sódio";"Rio de Janeiro";"43"
"2015";"Angola";"35030019";"Outras gelatinas e seus derivados";"São Paulo";"23"
"2015";"Angola";"09096110";"Sementes de anis (erva-doce), não trituradas nem em pó";"Rio de Janeiro";"4"
"2014";"Angola";"17019900";"Outros açúcares de cana, beterraba, sacarose químicamente pura, sol.";"São Paulo";"128569913"
"2014";"Angola";"17019900";"Outros açúcares de cana, beterraba, sacarose químicamente pura, sol.";"Pernambuco";"14100512"
"2014";"Angola";"17019900";"Outros açúcares de cana, beterraba, sacarose químicamente pura, sol.";"Paraná";"11134859"
"2014";"Angola";"17019900";"Outros açúcares de cana, beterraba, sacarose químicamente pura, sol.";"Não Declarada";"8550741"
"2014";"Angola";"17019900";"Outros açúcares de cana, beterraba, sacarose químicamente pura, sol.";"Minas Gerais";"7845615"
"2014";"Cabo Verde";"17019900";"Outros açúcares de cana, beterraba, sacarose químicamente pura, sol.";"São Paulo";"3960679"
"2014";"Angola";"17019900";"Outros açúcares de cana, beterraba, sacarose químicamente pura, sol.";"Alagoas";"3900793"
"2014";"Angola";"17019900";"Outros açúcares de cana, beterraba, sacarose químicamente pura, sol.";"Mato Grosso do Sul";"3581367"
"2014";"Angola";"18069000";"Outros chocolates e preparações alimentícias contendo cacau";"São Paulo";"2691225"
"2014";"Angola";"17049020";"Caramelos, confeitos, dropes, pastilhas, e produtos semelhantes, sem cacau";"São Paulo";"1843903"
"2014";"Angola";"20059900";"Outros produtos hortícolas, preparados ou conservados, exceto em vinagre ou em ácido acético, não congelados";"Rio Grande do Sul";"1791478"
"2014";"Angola";"21041011";"Preparações para caldos e sopas, em embalagens imediatas de conteúdo inferior ou igual a 1 kg";"São Paulo";"1259733"
"2014";"Cabo Verde";"17019900";"Outros açúcares de cana, beterraba, sacarose químicamente pura, sol.";"Alagoas";"1144920"
"2014";"Guiné-Bissau";"17019900";"Outros açúcares de cana, beterraba, sacarose químicamente pura, sol.";"São Paulo";"850026"
"2014";"Angola";"18069000";"Outros chocolates e preparações alimentícias contendo cacau";"Espírito Santo";"834600"
"2014";"Angola";"21039021";"Condimentos e temperos, compostos, em embalagens imediatas de conteúdo inferior ou igual a 1 kg";"Rio Grande do Sul";"818454"
"2014";"Cabo Verde";"17019900";"Outros açúcares de cana, beterraba, sacarose químicamente pura, sol.";"Minas Gerais";"580437"
"2014";"Cabo Verde";"21069010";"Outras preparações para elaboração de bebidas";"Goiás";"565223"
"2014";"Angola";"21069029";"Pós para preparações de cremes, sorvetes, flans, gelatinas ou preparações similares";"São Paulo";"468892"
"2014";"Angola";"18069000";"Outros chocolates e preparações alimentícias contendo cacau";"Minas Gerais";"369027"
"2014";"Angola";"21039021";"Condimentos e temperos, compostos, em embalagens imediatas de conteúdo inferior ou igual a 1 kg";"São Paulo";"360748"
"2014";"Cabo Verde";"17019900";"Outros açúcares de cana, beterraba, sacarose químicamente pura, sol.";"Paraná";"336901"
"2014";"Moçambique";"17049020";"Caramelos, confeitos, dropes, pastilhas, e produtos semelhantes, sem cacau";"Rio Grande do Sul";"329507"
"2014";"Angola";"17049020";"Caramelos, confeitos, dropes, pastilhas, e produtos semelhantes, sem cacau";"Minas Gerais";"272010"
"2014";"Guiné-Bissau";"17019900";"Outros açúcares de cana, beterraba, sacarose químicamente pura, sol.";"Não Declarada";"241920"
"2014";"Cabo Verde";"17019900";"Outros açúcares de cana, beterraba, sacarose químicamente pura, sol.";"Mato Grosso do Sul";"231955"
"2014";"Angola";"17049020";"Caramelos, confeitos, dropes, pastilhas, e produtos semelhantes, sem cacau";"Rio Grande do Sul";"187130"
"2014";"Angola";"19041000";"Produtos à base de cereais, obtidos por expansão ou por torrefação";"São Paulo";"179541"
"2014";"Cabo Verde";"17019900";"Outros açúcares de cana, beterraba, sacarose químicamente pura, sol.";"Pernambuco";"142881"
"2014";"Moçambique";"17049020";"Caramelos, confeitos, dropes, pastilhas, e produtos semelhantes, sem cacau";"São Paulo";"135524"
"2014";"Angola";"17049020";"Caramelos, confeitos, dropes, pastilhas, e produtos semelhantes, sem cacau";"Rio Grande do Norte";"82987"
"2014";"Angola";"12119090";"Outras plantas e partes, para perfumaria, medicina e semelhantes";"Espírito Santo";"78973"
"2014";"Angola";"21069010";"Outras preparações para elaboração de bebidas";"São Paulo";"77019"
"2014";"Cabo Verde";"21069029";"Pós para preparações de cremes, sorvetes, flans, gelatinas ou preparações similares";"São Paulo";"68028"
"2014";"Angola";"19019090";"Outras preparações alimentícias de farinhas, etc, cacau < 40%";"São Paulo";"67185"
"2014";"Cabo Verde";"20098990";"Sucos (sumo) de outras frutas, não fermentado, sem adição de açúcar";"Ceará";"60699"
"2014";"Angola";"09041200";"Pimenta (do gênero Piper), triturada ou em pó";"Goiás";"56790"
"2014";"Moçambique";"21069029";"Pós para preparações de cremes, sorvetes, flans, gelatinas ou preparações similares";"São Paulo";"56721"
"2014";"Cabo Verde";"17049020";"Caramelos, confeitos, dropes, pastilhas, e produtos semelhantes, sem cacau";"São Paulo";"47587"
"2014";"Angola";"20098990";"Sucos (sumo) de outras frutas, não fermentado, sem adição de açúcar";"Alagoas";"46805"
"2014";"Angola";"20052000";"Batatas, preparados ou conservados, exceto em vinagre ou em ácido acético, não congelados";"São Paulo";"46493"
"2014";"Guiné-Bissau";"18069000";"Outros chocolates e preparações alimentícias contendo cacau";"São Paulo";"40858"
"2014";"Angola";"20098990";"Sucos (sumo) de outras frutas, não fermentado, sem adição de açúcar";"Pará";"38357"
"2014";"Angola";"21041019";"Outras preparações para caldos e sopas";"São Paulo";"37818"
"2014";"Angola";"21041011";"Preparações para caldos e sopas, em embalagens imediatas de conteúdo inferior ou igual a 1 kg";"Goiás";"33926"
"2014";"Angola";"21069029";"Pós para preparações de cremes, sorvetes, flans, gelatinas ou preparações similares";"Santa Catarina";"30415"
"2014";"Cabo Verde";"17049020";"Caramelos, confeitos, dropes, pastilhas, e produtos semelhantes, sem cacau";"Rio Grande do Sul";"27701"
"2014";"Angola";"12119090";"Outras plantas e partes, para perfumaria, medicina e semelhantes";"São Paulo";"22243"
"2014";"Angola";"21041011";"Preparações para caldos e sopas, em embalagens imediatas de conteúdo inferior ou igual a 1 kg";"Minas Gerais";"21312"
"2014";"Angola";"21069010";"Outras preparações para elaboração de bebidas";"Paraná";"20128"
"2014";"Cabo Verde";"18069000";"Outros chocolates e preparações alimentícias contendo cacau";"São Paulo";"19039"
"2014";"Angola";"09041200";"Pimenta (do gênero Piper), triturada ou em pó";"São Paulo";"17774"
"2014";"Angola";"20059900";"Outros produtos hortícolas, preparados ou conservados, exceto em vinagre ou em ácido acético, não congelados";"São Paulo";"17590"
"2014";"Cabo Verde";"19023000";"Outras massas alimentícias";"São Paulo";"17290"
"2014";"Angola";"11041200";"Grãos de aveia, esmagados ou em flocos";"São Paulo";"16077"
"2014";"Angola";"18069000";"Outros chocolates e preparações alimentícias contendo cacau";"Santa Catarina";"15654"
"2014";"Angola";"11081200";"Amido de milho";"São Paulo";"13217"
"2014";"Moçambique";"12119090";"Outras plantas e partes, para perfumaria, medicina e semelhantes";"São Paulo";"12958"
"2014";"Cabo Verde";"21041011";"Preparações para caldos e sopas, em embalagens imediatas de conteúdo inferior ou igual a 1 kg";"São Paulo";"12796"
"2014";"Cabo Verde";"21039021";"Condimentos e temperos, compostos, em embalagens imediatas de conteúdo inferior ou igual a 1 kg";"São Paulo";"12751"
"2014";"Angola";"21039021";"Condimentos e temperos, compostos, em embalagens imediatas de conteúdo inferior ou igual a 1 kg";"Minas Gerais";"12557"
"2014";"Angola";"17019900";"Outros açúcares de cana, beterraba, sacarose químicamente pura, sol.";"Rio de Janeiro";"11753"
"2014";"Moçambique";"18069000";"Outros chocolates e preparações alimentícias contendo cacau";"Rio Grande do Sul";"11479"
"2014";"Angola";"18061000";"Cacau em pó, com adição de açúcar ou outros edulcorantes";"São Paulo";"10468"
"2014";"Angola";"11081200";"Amido de milho";"Goiás";"10419"
"2014";"Angola";"19023000";"Outras massas alimentícias";"São Paulo";"9711"
"2014";"Angola";"18069000";"Outros chocolates e preparações alimentícias contendo cacau";"Rio Grande do Sul";"9600"
"2014";"Cabo Verde";"19023000";"Outras massas alimentícias";"Zona Não Declarada";"9571"
"2014";"Angola";"09109900";"Outras especiarias";"São Paulo";"8244"
"2014";"Moçambique";"21039021";"Condimentos e temperos, compostos, em embalagens imediatas de conteúdo inferior ou igual a 1 kg";"São Paulo";"8116"
"2014";"Angola";"18069000";"Outros chocolates e preparações alimentícias contendo cacau";"Goiás";"6654"
"2014";"Angola";"01012900";"Cavalos, exceto reprodutores de raça pura";"São Paulo";"6000"
"2014";"Moçambique";"18069000";"Outros chocolates e preparações alimentícias contendo cacau";"São Paulo";"5886"
"2014";"Angola";"21069029";"Pós para preparações de cremes, sorvetes, flans, gelatinas ou preparações similares";"Paraná";"5693"
"2014";"Angola";"20098990";"Sucos (sumo) de outras frutas, não fermentado, sem adição de açúcar";"Sergipe";"5626"
"2014";"Cabo Verde";"20052000";"Batatas, preparados ou conservados, exceto em vinagre ou em ácido acético, não congelados";"São Paulo";"5579"
"2014";"Angola";"21041019";"Outras preparações para caldos e sopas";"Rio de Janeiro";"4888"
"2014";"Angola";"19030000";"Tapioca e seus sucedâneos preparados a partir de féculas, em flocos, grumos, grãos, pérolas ou formas semelhantes";"São Paulo";"4807"
"2014";"Cabo Verde";"19041000";"Produtos à base de cereais, obtidos por expansão ou por torrefação";"São Paulo";"4712"
"2014";"Angola";"17019100";"Outros açúcares de cana, beterraba, com aromatizante corante";"São Paulo";"4615"
"2014";"Angola";"20098990";"Sucos (sumo) de outras frutas, não fermentado, sem adição de açúcar";"São Paulo";"4349"
"2014";"Angola";"09062000";"Canela e flores de caneleira, trituradas ou em pó";"São Paulo";"4100"
"2014";"Angola";"20098990";"Sucos (sumo) de outras frutas, não fermentado, sem adição de açúcar";"Rio de Janeiro";"3780"
"2014";"Angola";"17019100";"Outros açúcares de cana, beterraba, com aromatizante corante";"Ceará";"3490"
"2014";"Angola";"12119010";"Orégano (Origanum vulgare) fresco ou seco, para perfumaria, medicina, etc.";"São Paulo";"3250"
"2014";"Angola";"20098990";"Sucos (sumo) de outras frutas, não fermentado, sem adição de açúcar";"Ceará";"3237"
"2014";"Cabo Verde";"21069010";"Outras preparações para elaboração de bebidas";"Paraná";"2890"
"2014";"Cabo Verde";"20059900";"Outros produtos hortícolas, preparados ou conservados, exceto em vinagre ou em ácido acético, não congelados";"São Paulo";"2670"
"2014";"Angola";"11081200";"Amido de milho";"Rio de Janeiro";"2619"
"2014";"Cabo Verde";"18061000";"Cacau em pó, com adição de açúcar ou outros edulcorantes";"São Paulo";"2475"
"2014";"Angola";"17049020";"Caramelos, confeitos, dropes, pastilhas, e produtos semelhantes, sem cacau";"Goiás";"2291"
"2014";"Moçambique";"21069021";"Pós para a fabricação de pudins, em embalagens imediatas de conteúdo inferior ou igual a 1 kg";"São Paulo";"2238"
"2014";"Angola";"11029000";"Farinha de outros cereais";"Distrito Federal";"2173"
"2014";"Angola";"21023000";"Pós para levedar, preparados";"São Paulo";"2165"
"2014";"Angola";"21069010";"Outras preparações para elaboração de bebidas";"Rio de Janeiro";"1984"
"2014";"Angola";"19023000";"Outras massas alimentícias";"Zona Não Declarada";"1969"
"2014";"Angola";"21039029";"Outros condimentos e temperos, compostos";"São Paulo";"1907"
"2014";"Moçambique";"19023000";"Outras massas alimentícias";"São Paulo";"1860"
"2014";"Angola";"12040090";"Outras sementes de linho (linhaça), mesmo trituradas";"São Paulo";"1789"
"2014";"Angola";"21021090";"Outras leveduras vivas";"São Paulo";"1772"
"2014";"Cabo Verde";"21041011";"Preparações para caldos e sopas, em embalagens imediatas de conteúdo inferior ou igual a 1 kg";"Goiás";"1731"
"2014";"Angola";"28363000";"Hidrogenocarbonato (bicarbonato) de sódio";"São Paulo";"1488"
"2014";"Cabo Verde";"11041200";"Grãos de aveia, esmagados ou em flocos";"São Paulo";"1370"
"2014";"Angola";"20098990";"Sucos (sumo) de outras frutas, não fermentado, sem adição de açúcar";"Não Declarada";"1361"
"2014";"Angola";"21039029";"Outros condimentos e temperos, compostos";"Rio de Janeiro";"1316"
"2014";"Angola";"18050000";"Cacau em pó, sem adição de açúcar ou outros edulcorantes";"São Paulo";"1298"
"2014";"Moçambique";"18061000";"Cacau em pó, com adição de açúcar ou outros edulcorantes";"São Paulo";"1238"
"2014";"Angola";"09041100";"Pimenta (do gênero Piper), não triturada nem em pó";"São Paulo";"1199"
"2014";"Angola";"21021090";"Outras leveduras vivas";"Santa Catarina";"1185"
"2014";"Cabo Verde";"21039021";"Condimentos e temperos, compostos, em embalagens imediatas de conteúdo inferior ou igual a 1 kg";"Goiás";"1154"
"2014";"Angola";"12079990";"Outras sementes e frutos oleaginosos, mesmo triturados";"Distrito Federal";"1144"
"2014";"Angola";"11041200";"Grãos de aveia, esmagados ou em flocos";"Rio de Janeiro";"1141"
"2014";"Angola";"19019090";"Outras preparações alimentícias de farinhas, etc, cacau < 40%";"Santa Catarina";"1096"
"2014";"Angola";"21069029";"Pós para preparações de cremes, sorvetes, flans, gelatinas ou preparações similares";"Rio de Janeiro";"1000"
"2014";"Moçambique";"08011100";"Cocos, frescos ou secos, dessecados";"São Paulo";"967"
"2014";"Angola";"21069021";"Pós para a fabricação de pudins, em embalagens imediatas de conteúdo inferior ou igual a 1 kg";"São Paulo";"897"
"2014";"Angola";"18069000";"Outros chocolates e preparações alimentícias contendo cacau";"Rio de Janeiro";"847"
"2014";"Angola";"21039021";"Condimentos e temperos, compostos, em embalagens imediatas de conteúdo inferior ou igual a 1 kg";"Rio de Janeiro";"843"
"2014";"Moçambique";"18069000";"Outros chocolates e preparações alimentícias contendo cacau";"Paraná";"748"
"2014";"Angola";"09109900";"Outras especiarias";"Rio de Janeiro";"710"
"2014";"Cabo Verde";"11041200";"Grãos de aveia, esmagados ou em flocos";"Paraná";"673"
"2014";"Angola";"12040090";"Outras sementes de linho (linhaça), mesmo trituradas";"Distrito Federal";"568"
"2014";"Cabo Verde";"12040090";"Outras sementes de linho (linhaça), mesmo trituradas";"São Paulo";"552"
"2014";"Guiné-Bissau";"19019090";"Outras preparações alimentícias de farinhas, etc, cacau < 40%";"São Paulo";"490"
"2014";"Angola";"09092100";"Sementes de coentro, não trituradas nem em pó";"Rio Grande do Sul";"460"
"2014";"Angola";"21069021";"Pós para a fabricação de pudins, em embalagens imediatas de conteúdo inferior ou igual a 1 kg";"Santa Catarina";"362"
"2014";"Angola";"09081200";"Noz-moscada, triturada ou em pó";"Rio de Janeiro";"360"
"2014";"Angola";"07129090";"Outros produtos hortícolas; misturas de produtos hortícolas, secos, inclusive pedaços, fatias, etc";"Rio de Janeiro";"352"
"2014";"Angola";"19019090";"Outras preparações alimentícias de farinhas, etc, cacau < 40%";"Rio de Janeiro";"341"
"2014";"Angola";"11029000";"Farinha de outros cereais";"São Paulo";"283"
"2014";"Angola";"08011100";"Cocos, frescos ou secos, dessecados";"Rio de Janeiro";"252"
"2014";"Angola";"09101200";"Gengibre, triturado ou em pó";"São Paulo";"212"
"2014";"Angola";"21069021";"Pós para a fabricação de pudins, em embalagens imediatas de conteúdo inferior ou igual a 1 kg";"Paraná";"197"
"2014";"Angola";"20052000";"Batatas, preparados ou conservados, exceto em vinagre ou em ácido acético, não congelados";"Rio de Janeiro";"139"
"2014";"Angola";"09071000";"Cravo-da-índia (frutos, flores e pedúnculos), não triturado nem em pó";"São Paulo";"129"
"2014";"Angola";"21069029";"Pós para preparações de cremes, sorvetes, flans, gelatinas ou preparações similares";"Goiás";"102"
"2014";"Angola";"19030000";"Tapioca e seus sucedâneos preparados a partir de féculas, em flocos, grumos, grãos, pérolas ou formas semelhantes";"Rio de Janeiro";"100"
"2014";"Cabo Verde";"11029000";"Farinha de outros cereais";"São Paulo";"76"
"2014";"Moçambique";"11081200";"Amido de milho";"Não Declarada";"54"
"2014";"Angola";"09092100";"Sementes de coentro, não trituradas nem em pó";"Mercadoria Nacionalizada";"39"
"2014";"Angola";"35030019";"Outras gelatinas e seus derivados";"São Paulo";"37"
"2014";"Moçambique";"28363000";"Hidrogenocarbonato (bicarbonato) de sódio";"Não Declarada";"34"
"2014";"Angola";"09042200";"Pimentões e pimentas dos gêneros Capsicum ou Pimenta, triturados ou em pó";"Rio de Janeiro";"18"
"2014";"Angola";"21041011";"Preparações para caldos e sopas, em embalagens imediatas de conteúdo inferior ou igual a 1 kg";"Rio de Janeiro";"13"
"2014";"Angola";"12119090";"Outras plantas e partes, para perfumaria, medicina e semelhantes";"Rio de Janeiro";"12"
"2014";"Angola";"17049020";"Caramelos, confeitos, dropes, pastilhas, e produtos semelhantes, sem cacau";"Zona Não Declarada";"8"
"2014";"Moçambique";"21069029";"Pós para preparações de cremes, sorvetes, flans, gelatinas ou preparações similares";"Zona Não Declarada";"8"
"2014";"Guiné-Bissau";"21039021";"Condimentos e temperos, compostos, em embalagens imediatas de conteúdo inferior ou igual a 1 kg";"São Paulo";"8"
"2014";"Angola";"21039021";"Condimentos e temperos, compostos, em embalagens imediatas de conteúdo inferior ou igual a 1 kg";"Zona Não Declarada";"5"
"2014";"Guiné-Bissau";"11081200";"Amido de milho";"São Paulo";"4"
"2014";"Angola";"19030000";"Tapioca e seus sucedâneos preparados a partir de féculas, em flocos, grumos, grãos, pérolas ou formas semelhantes";"Paraná";"4"
"2014";"Angola";"19041000";"Produtos à base de cereais, obtidos por expansão ou por torrefação";"Zona Não Declarada";"3"
"2014";"Angola";"21039021";"Condimentos e temperos, compostos, em embalagens imediatas de conteúdo inferior ou igual a 1 kg";"Paraná";"2"
"2014";"Guiné-Bissau";"20098990";"Sucos (sumo) de outras frutas, não fermentado, sem adição de açúcar";"São Paulo";"2"
"2014";"Angola";"19019090";"Outras preparações alimentícias de farinhas, etc, cacau < 40%";"Paraná";"2"
"2014";"Angola";"11029000";"Farinha de outros cereais";"Rio de Janeiro";"2"
"2014";"Guiné-Bissau";"21023000";"Pós para levedar, preparados";"São Paulo";"1"
"2014";"Angola";"11081200";"Amido de milho";"Paraná";"1"